State ,Location,Shell Length,Shell Width,Aperture Length,Weight,Condition,Infection status,Combo,Individual,Trial,Baseline,Water,Refuge
NC,AB,19.58,14.26,6.73,1.71,none,0,1,1,3,7,9,9
NC,AB,19.58,14.26,6.73,1.71,none,0,1,1,2,9,9,0.1
NC,AB,19.58,14.26,6.73,1.71,none,0,1,1,1,9,9,9
NC,AB,18.75,13.31,6.03,1.48,none,0,1,2,2,0.01,0.1,9
NC,AB,18.75,13.31,6.03,1.48,none,0,1,2,3,0.01,0.1,9
NC,AB,18.75,13.31,6.03,1.48,none,0,1,2,1,21,9,6
NC,AB,17.65,12.54,5.48,1.37,none,0,1,3,2,0.01,0.1,0.1
NC,AB,17.65,12.54,5.48,1.37,none,0,1,3,3,0.01,0.1,0.1
NC,AB,17.65,12.54,5.48,1.37,none,0,1,3,1,22,9,9
NC,AB,17.82,13.25,6.13,1.49,none,1,2,4,1,0.01,0.1,9
NC,AB,17.82,13.25,6.13,1.49,none,1,2,4,2,0.01,0.1,9
NC,AB,17.82,13.25,6.13,1.49,none,1,2,4,3,12,8,6
NC,AB,20.23,14.42,7.08,2.03,none,0,1,5,2,0.01,0.1,0.1
NC,AB,20.23,14.42,7.08,2.03,none,0,1,5,1,0.01,0.1,9
NC,AB,20.23,14.42,7.08,2.03,none,0,1,5,3,0.01,0.1,9
NC,AB,21.54,14.51,6.49,1.9,none,1,2,6,1,0.01,0.1,0.1
NC,AB,21.54,14.51,6.49,1.9,none,1,2,6,3,0.01,0.1,0.1
NC,AB,21.54,14.51,6.49,1.9,none,1,2,6,2,0.01,0.1,9
NC,AB,20.35,13.34,5.77,1.85,none,0,1,7,1,0.01,0.1,0.1
NC,AB,20.35,13.34,5.77,1.85,none,0,1,7,3,0.01,0.1,0.1
NC,AB,20.35,13.34,5.77,1.85,none,0,1,7,2,0.01,0.1,9
NC,AB,17.78,12.82,5.49,1.27,none,0,1,8,1,0.01,0.1,0.1
NC,AB,17.78,12.82,5.49,1.27,none,0,1,8,3,0.01,0.1,0.1
NC,AB,17.78,12.82,5.49,1.27,none,0,1,8,2,8,2,0.1
NC,AB,20.79,14.84,6.6,1.91,none,0,1,9,3,0.01,0.1,0.1
NC,AB,20.79,14.84,6.6,1.91,none,0,1,9,2,14,6,9
NC,AB,20.79,14.84,6.6,1.91,none,0,1,9,1,27,9,0.1
NC,AB,19.66,14.49,6.38,1.91,none,0,1,10,1,0.01,0.1,0.1
NC,AB,19.66,14.49,6.38,1.91,none,0,1,10,2,0.01,0.1,0.1
NC,AB,19.66,14.49,6.38,1.91,none,0,1,10,3,0.01,0.1,0.1
NC,AB,19.12,13.75,6.5,1.53,none,1,2,11,3,0.01,0.1,2
NC,AB,19.12,13.75,6.5,1.53,none,1,2,11,2,3,9,6
NC,AB,19.12,13.75,6.5,1.53,none,1,2,11,1,20,9,0.1
NC,AB,19.19,13.37,5.86,1.56,none,0,1,12,3,0.01,0.1,2
NC,AB,19.19,13.37,5.86,1.56,none,0,1,12,2,18,9,9
NC,AB,19.19,13.37,5.86,1.56,none,0,1,12,1,19,9,0.1
NC,AB,18.56,13.35,5.63,1.58,none,0,1,13,2,0.01,0.1,9
NC,AB,18.56,13.35,5.63,1.58,none,0,1,13,3,0.01,0.1,9
NC,AB,18.56,13.35,5.63,1.58,none,0,1,13,1,20,9,9
NC,AB,17.59,12.78,5.49,1.15,none,0,1,14,1,0.01,0.1,9
NC,AB,17.59,12.78,5.49,1.15,none,0,1,14,2,0.01,0.1,9
NC,AB,17.59,12.78,5.49,1.15,none,0,1,14,3,0.01,0.1,9
NC,AB,19.2,14.01,6.12,1.84,none,0,1,15,2,0.01,0.1,9
NC,AB,19.2,14.01,6.12,1.84,none,0,1,15,3,0.01,0.1,9
NC,AB,19.2,14.01,6.12,1.84,none,0,1,15,1,9,9,9
NC,AB,18.75,12.7,5.73,1.45,none,0,0,16,2,0.01,0.1,0.1
NC,AB,18.75,12.7,5.73,1.45,none,0,0,16,3,0.01,0.1,9
NC,AB,18.75,12.7,5.73,1.45,none,0,0,16,1,27,9,0.1
NC,AB,19.94,14.12,6.3,1.71,none,0,0,17,1,13,9,0.1
NC,AB,19.94,14.12,6.3,1.71,none,0,0,17,3,15,9,9
NC,AB,19.94,14.12,6.3,1.71,none,0,0,17,2,24,9,0.1
NC,AB,19.83,13.56,6.27,1.81,none,0,0,18,2,0.01,0.1,0.1
NC,AB,19.83,13.56,6.27,1.81,none,0,0,18,3,0.01,0.1,0.1
NC,AB,19.83,13.56,6.27,1.81,none,0,0,18,1,18,9,0.1
NC,AB,19.16,13.31,6.02,1.69,none,0,0,19,1,0.01,0.1,0.1
NC,AB,19.16,13.31,6.02,1.69,none,0,0,19,2,0.01,0.1,0.1
NC,AB,19.16,13.31,6.02,1.69,none,0,0,19,3,0.01,0.1,0.1
NC,AB,16.65,11.99,5.32,1.13,none,0,0,20,2,0.01,0.1,0.1
NC,AB,16.65,11.99,5.32,1.13,none,0,0,20,3,0.01,0.1,9
NC,AB,16.65,11.99,5.32,1.13,none,0,0,20,1,12,9,0.1
NC,AB,19.13,13.38,5.47,1.65,none,0,0,21,1,0.01,0.1,0.1
NC,AB,19.13,13.38,5.47,1.65,none,0,0,21,2,0.01,0.1,9
NC,AB,19.13,13.38,5.47,1.65,none,0,0,21,3,0.01,0.1,9
NC,AB,18.81,13.35,5.86,1.45,none,0,0,22,3,0.01,0.1,0.1
NC,AB,18.81,13.35,5.86,1.45,none,0,0,22,2,0.01,0.1,9
NC,AB,18.81,13.35,5.86,1.45,none,0,0,22,1,4,6,0.1
NC,AB,17.61,12.48,5.83,1.24,none,0,0,23,2,0.01,0.1,6
NC,AB,17.61,12.48,5.83,1.24,none,0,0,23,1,0.01,0.1,9
NC,AB,17.61,12.48,5.83,1.24,none,0,0,23,3,15,8,9
NC,AB,19.8,13.6,5.9,1.67,none,0,0,24,3,0.01,0.1,0.1
NC,AB,19.8,13.6,5.9,1.67,none,0,0,24,2,0.01,0.1,4
NC,AB,19.8,13.6,5.9,1.67,none,0,0,24,1,0.01,0.1,9
NC,AB,19.1,13.07,5.7,1.47,none,0,0,25,1,0.01,0.1,0.1
NC,AB,19.1,13.07,5.7,1.47,none,0,0,25,2,0.01,0.1,0.1
NC,AB,19.1,13.07,5.7,1.47,none,0,0,25,3,0.01,0.1,0.1
NC,AB,18.63,13.59,5.97,1.61,none,1,2,26,1,0.01,0.1,9
NC,AB,18.63,13.59,5.97,1.61,none,1,2,26,2,0.01,0.1,9
NC,AB,18.63,13.59,5.97,1.61,none,1,2,26,3,8,6,0.1
NC,AB,20.6,14.79,6.82,2.07,none,0,1,27,3,0.01,0.1,0.1
NC,AB,20.6,14.79,6.82,2.07,none,0,1,27,2,0.01,0.1,6
NC,AB,20.6,14.79,6.82,2.07,none,0,1,27,1,0.01,0.1,9
NC,AB,19.3,13.76,6.25,1.52,none,0,1,28,2,0.01,0.1,0.1
NC,AB,19.3,13.76,6.25,1.52,none,0,1,28,1,0.01,0.1,4
NC,AB,19.3,13.76,6.25,1.52,none,0,1,28,3,24,9,0.1
NC,AB,18.9,13.4,5.52,1.6,none,0,1,29,2,0.01,0.1,0.1
NC,AB,18.9,13.4,5.52,1.6,none,0,1,29,1,0.01,0.1,4
NC,AB,18.9,13.4,5.52,1.6,none,0,1,29,3,25,9,0.1
NC,AB,21.01,13.8,6.1,2.08,none,0,1,30,2,0.01,0.1,0.1
NC,AB,21.01,13.8,6.1,2.08,none,0,1,30,1,0.01,0.1,9
NC,AB,21.01,13.8,6.1,2.08,none,0,1,30,3,10,9,0.1
NC,AB,19.34,13.48,6.18,1.66,none,0,0,31,3,0.01,0.1,9
NC,AB,19.34,13.48,6.18,1.66,none,0,0,31,2,17,9,9
NC,AB,19.34,13.48,6.18,1.66,none,0,0,31,1,19,8,8
NC,AB,18.46,12.62,5.53,1.35,none,0,0,32,3,0.01,0.1,9
NC,AB,18.46,12.62,5.53,1.35,none,0,0,32,1,24,9,0.1
NC,AB,18.46,12.62,5.53,1.35,none,0,0,32,2,24,9,9
NC,AB,18.85,13.07,5.7,1.57,none,0,0,33,2,0.01,0.1,0.1
NC,AB,18.85,13.07,5.7,1.57,none,0,0,33,3,0.01,0.1,0.1
NC,AB,18.85,13.07,5.7,1.57,none,0,0,33,1,0.01,0.1,8
NC,AB,18.51,12.96,6.07,1.55,none,0,0,34,1,0.01,0.1,2
NC,AB,18.51,12.96,6.07,1.55,none,0,0,34,2,15,6,9
NC,AB,18.51,12.96,6.07,1.55,none,0,0,34,3,18,9,0.1
NC,AB,18.13,12.84,5.35,1.44,none,0,0,35,3,0.01,0.1,0.1
NC,AB,18.13,12.84,5.35,1.44,none,0,0,35,2,10,6,9
NC,AB,18.13,12.84,5.35,1.44,none,0,0,35,1,25,9,0.1
NC,AB,17.27,12.68,5.21,1.42,none,0,0,36,2,0.01,0.1,9
NC,AB,17.27,12.68,5.21,1.42,none,0,0,36,1,24,9,9
NC,AB,17.27,12.68,5.21,1.42,none,0,0,36,3,25,9,0.1
NC,AB,20.07,13.77,6.11,1.9,none,0,0,37,2,0.01,0.1,0.1
NC,AB,20.07,13.77,6.11,1.9,none,0,0,37,3,0.01,0.1,0.1
NC,AB,20.07,13.77,6.11,1.9,none,0,0,37,1,19,8,9
NC,AB,20.69,14.2,6.4,1.78,none,0,0,38,3,0.01,0.1,0.1
NC,AB,20.69,14.2,6.4,1.78,none,0,0,38,2,16,9,9
NC,AB,20.69,14.2,6.4,1.78,none,0,0,38,1,18,6,9
NC,AB,19.48,13.76,6.11,1.6,none,0,0,39,1,0.01,0.1,9
NC,AB,19.48,13.76,6.11,1.6,none,0,0,39,2,0.01,0.1,9
NC,AB,19.48,13.76,6.11,1.6,none,0,0,39,3,0.01,0.1,9
NC,AB,15.93,11.18,4.66,1.17,none,0,0,40,1,0.01,0.1,9
NC,AB,15.93,11.18,4.66,1.17,none,0,0,40,2,0.01,0.1,9
NC,AB,15.93,11.18,4.66,1.17,none,0,0,40,3,0.01,0.1,9
NC,AB,18.75,13.87,6.01,1.7,none,0,0,41,3,0.01,0.1,0.1
NC,AB,18.75,13.87,6.01,1.7,none,0,0,41,1,0.01,0.1,9
NC,AB,18.75,13.87,6.01,1.7,none,0,0,41,2,0.01,0.1,9
NC,AB,20.28,14.26,6.09,1.76,none,0,0,42,1,0.01,0.1,6
NC,AB,20.28,14.26,6.09,1.76,none,0,0,42,3,0.01,0.1,9
NC,AB,20.28,14.26,6.09,1.76,none,0,0,42,2,7,9,4
NC,AB,18.41,13.43,5.76,1.47,none,0,0,43,2,0.01,0.1,0.1
NC,AB,18.41,13.43,5.76,1.47,none,0,0,43,1,15,9,0.1
NC,AB,18.41,13.43,5.76,1.47,none,0,0,43,3,23,9,9
NC,AB,18.41,12.98,5.51,1.62,none,0,0,44,1,0.01,0.1,9
NC,AB,18.41,12.98,5.51,1.62,none,0,0,44,2,0.01,0.1,9
NC,AB,18.41,12.98,5.51,1.62,none,0,0,44,3,0.01,0.1,9
NC,AB,19.61,13.12,5.41,1.7,none,0,0,45,1,0.01,0.1,9
NC,AB,19.61,13.12,5.41,1.7,none,0,0,45,2,0.01,0.1,9
NC,AB,19.61,13.12,5.41,1.7,none,0,0,45,3,14,9,8
NC,AB,19.29,13.51,6.26,1.5,none,1,2,46,2,0.01,0.1,0.1
NC,AB,19.29,13.51,6.26,1.5,none,1,2,46,3,0.01,0.1,0.1
NC,AB,19.29,13.51,6.26,1.5,none,1,2,46,1,0.01,0.1,9
NC,AB,17.59,11.97,5.58,1.22,none,0,1,47,1,0.01,0.1,0.1
NC,AB,17.59,11.97,5.58,1.22,none,0,1,47,2,0.01,0.1,0.1
NC,AB,17.59,11.97,5.58,1.22,none,0,1,47,3,0.01,0.1,0.1
NC,AB,19.01,13.43,6,1.67,none,0,1,48,2,0.01,0.1,0.1
NC,AB,19.01,13.43,6,1.67,none,0,1,48,3,0.01,0.1,0.1
NC,AB,19.01,13.43,6,1.67,none,0,1,48,1,0.01,0.1,9
NC,AB,17.65,12.73,5.56,1.29,none,0,1,49,1,0.01,0.1,0.1
NC,AB,17.65,12.73,5.56,1.29,none,0,1,49,2,0.01,0.1,0.1
NC,AB,17.65,12.73,5.56,1.29,none,0,1,49,3,13,9,0.1
NC,AB,19.37,13.48,5.75,1.68,none,0,1,50,1,0.01,0.1,0.1
NC,AB,19.37,13.48,5.75,1.68,none,0,1,50,2,0.01,0.1,0.1
NC,AB,19.37,13.48,5.75,1.68,none,0,1,50,3,0.01,0.1,0.1
NC,AB,19.26,13.91,5.8,1.7,none,0,0,51,1,0.01,0.1,0.1
NC,AB,19.26,13.91,5.8,1.7,none,0,0,51,2,0.01,0.1,0.1
NC,AB,19.26,13.91,5.8,1.7,none,0,0,51,3,0.01,0.1,9
NC,AB,16.87,12.8,5.35,1.27,none,0,0,52,2,0.01,0.1,0.1
NC,AB,16.87,12.8,5.35,1.27,none,0,0,52,3,0.01,0.1,0.1
NC,AB,16.87,12.8,5.35,1.27,none,0,0,52,1,0.01,0.1,9
NC,AB,18.45,12.54,5.54,1.49,none,0,0,53,1,0.01,0.1,0.1
NC,AB,18.45,12.54,5.54,1.49,none,0,0,53,3,0.01,0.1,4
NC,AB,18.45,12.54,5.54,1.49,none,0,0,53,2,0.01,0.1,9
NC,AB,18.55,12.75,5.91,1.58,none,0,0,54,1,0.01,0.1,0.1
NC,AB,18.55,12.75,5.91,1.58,none,0,0,54,2,0.01,0.1,0.1
NC,AB,18.55,12.75,5.91,1.58,none,0,0,54,3,0.01,0.1,0.1
NC,AB,18.04,12.71,5.23,1.43,none,0,0,55,2,0.01,0.1,0.1
NC,AB,18.04,12.71,5.23,1.43,none,0,0,55,3,0.01,0.1,9
NC,AB,18.04,12.71,5.23,1.43,none,0,0,55,1,15,9,0.1
NC,AB,20.38,14.31,6.58,2.02,none,0,1,56,1,0.01,0.1,0.1
NC,AB,20.38,14.31,6.58,2.02,none,0,1,56,2,0.01,0.1,0.1
NC,AB,20.38,14.31,6.58,2.02,none,0,1,56,3,27,9,9
NC,AB,19.69,14.38,5.96,1.81,none,0,1,57,2,0.01,0.1,0.1
NC,AB,19.69,14.38,5.96,1.81,none,0,1,57,3,0.01,0.1,9
NC,AB,19.69,14.38,5.96,1.81,none,0,1,57,1,15,9,9
NC,AB,20.03,14.02,6.27,2.09,none,0,1,58,2,0.01,0.1,0.1
NC,AB,20.03,14.02,6.27,2.09,none,0,1,58,1,0.01,0.1,9
NC,AB,20.03,14.02,6.27,2.09,none,0,1,58,3,5,2,0.1
NC,AB,18.22,13.66,5.77,1.58,none,0,1,59,2,0.01,0.1,2
NC,AB,18.22,13.66,5.77,1.58,none,0,1,59,1,18,9,9
NC,AB,18.22,13.66,5.77,1.58,none,0,1,59,3,28,9,9
NC,AB,16.44,11.78,5.12,1.13,none,1,2,60,1,9,9,0.1
NC,AB,16.44,11.78,5.12,1.13,none,1,2,60,2,16,9,0.1
NC,AB,16.44,11.78,5.12,1.13,none,1,2,60,3,19,8,0.1
NC,AB,19.15,13.84,5.6,1.91,none,0,1,61,2,0.01,0.1,0.1
NC,AB,19.15,13.84,5.6,1.91,none,0,1,61,1,0.01,0.1,8
NC,AB,19.15,13.84,5.6,1.91,none,0,1,61,3,4,2,0.1
NC,AB,20.95,15.23,6.22,2.53,none,0,1,62,2,3,9,0.1
NC,AB,20.95,15.23,6.22,2.53,none,0,1,62,1,5,4,0.1
NC,AB,20.95,15.23,6.22,2.53,none,0,1,62,3,8,8,9
NC,AB,17.79,12.7,5.31,1.45,none,1,2,63,1,0.01,0.1,0.1
NC,AB,17.79,12.7,5.31,1.45,none,1,2,63,3,0.01,9,0.1
NC,AB,17.79,12.7,5.31,1.45,none,1,2,63,2,0.01,0.1,9
NC,AB,17.96,12.51,5.94,1.38,none,0,1,64,1,0.01,0.1,0.1
NC,AB,17.96,12.51,5.94,1.38,none,0,1,64,2,8,6,0.1
NC,AB,17.96,12.51,5.94,1.38,none,0,1,64,3,9,4,0.1
NC,AB,19.44,13.83,5.94,1.91,none,0,1,65,1,0.01,0.1,0.1
NC,AB,19.44,13.83,5.94,1.91,none,0,1,65,2,0.01,0.1,6
NC,AB,19.44,13.83,5.94,1.91,none,0,1,65,3,0.01,0.1,9
NC,AB,20.92,14.55,6.11,2.09,none,0,0,66,1,0.01,0.1,9
NC,AB,20.92,14.55,6.11,2.09,none,0,0,66,2,0.01,0.1,9
NC,AB,20.92,14.55,6.11,2.09,none,0,0,66,3,0.01,0.1,9
NC,AB,19.79,13.34,6.07,1.53,none,0,0,67,3,0.01,0.1,0.1
NC,AB,19.79,13.34,6.07,1.53,none,0,0,67,2,0.01,0.1,6
NC,AB,19.79,13.34,6.07,1.53,none,0,0,67,1,0.01,0.1,9
NC,AB,17.45,12.99,5.59,1.33,none,0,0,68,2,0.01,0.1,6
NC,AB,17.45,12.99,5.59,1.33,none,0,0,68,1,0.01,0.1,9
NC,AB,17.45,12.99,5.59,1.33,none,0,0,68,3,9,4,0.1
NC,AB,20.9,15.39,6.07,2.2,none,0,0,69,2,0.01,0.1,0.1
NC,AB,20.9,15.39,6.07,2.2,none,0,0,69,3,0.01,0.1,0.1
NC,AB,20.9,15.39,6.07,2.2,none,0,0,69,1,0.01,0.1,9
NC,AB,18.69,14.07,5.71,1.71,none,0,1,70,1,0.01,0.1,0.1
NC,AB,18.69,14.07,5.71,1.71,none,0,1,70,2,0.01,0.1,9
NC,AB,18.69,14.07,5.71,1.71,none,0,1,70,3,0.01,0.1,9
NC,AB,19.41,13.73,5.6,1.58,none,1,2,71,1,0.01,0.1,0.1
NC,AB,19.41,13.73,5.6,1.58,none,1,2,71,3,0.01,0.1,9
NC,AB,19.41,13.73,5.6,1.58,none,1,2,71,2,3,2,9
NC,AB,17.37,12.66,5.19,1.24,none,0,1,72,1,0.01,0.1,0.1
NC,AB,17.37,12.66,5.19,1.24,none,0,1,72,3,0.01,0.1,9
NC,AB,17.37,12.66,5.19,1.24,none,0,1,72,2,24,9,0.1
NC,AB,19.6,13.61,6.23,1.97,none,0,1,73,1,0.01,0.1,0.1
NC,AB,19.6,13.61,6.23,1.97,none,0,1,73,2,0.01,0.1,0.1
NC,AB,19.6,13.61,6.23,1.97,none,0,1,73,3,18,9,0.1
NC,AB,18.53,13.89,5.72,1.67,none,0,0,74,1,0.01,0.1,0.1
NC,AB,18.53,13.89,5.72,1.67,none,0,0,74,2,0.01,0.1,9
NC,AB,18.53,13.89,5.72,1.67,none,0,0,74,3,14,4,0.1
NC,AB,19.67,14.16,6.56,1.77,none,0,0,75,2,0.01,0.1,0.1
NC,AB,19.67,14.16,6.56,1.77,none,0,0,75,3,0.01,0.1,0.1
NC,AB,19.67,14.16,6.56,1.77,none,0,0,75,1,0.01,0.1,9
NC,AB,21,14.38,5.98,2.16,none,0,0,76,3,0.01,0.1,4
NC,AB,21,14.38,5.98,2.16,none,0,0,76,1,0.01,0.1,9
NC,AB,21,14.38,5.98,2.16,none,0,0,76,2,0.01,0.1,9
NC,AB,19.55,13.87,5.73,1.91,none,0,0,77,1,0.01,0.1,9
NC,AB,19.55,13.87,5.73,1.91,none,0,0,77,2,0.01,0.1,9
NC,AB,19.55,13.87,5.73,1.91,none,0,0,77,3,0.01,0.1,9
NC,AB,19.61,13.68,5.81,1.75,none,1,2,78,1,0.01,0.1,0.1
NC,AB,19.61,13.68,5.81,1.75,none,1,2,78,3,0.01,0.1,0.1
NC,AB,19.61,13.68,5.81,1.75,none,1,2,78,2,0.01,0.1,9
NC,AB,19.66,13.64,5.61,1.86,none,0,1,79,1,0.01,0.1,0.1
NC,AB,19.66,13.64,5.61,1.86,none,0,1,79,2,0.01,0.1,9
NC,AB,19.66,13.64,5.61,1.86,none,0,1,79,3,0.01,0.1,9
NC,AB,19.75,13.22,5.54,1.91,none,0,1,80,1,0.01,0.1,0.1
NC,AB,19.75,13.22,5.54,1.91,none,0,1,80,3,0.01,0.1,0.1
NC,AB,19.75,13.22,5.54,1.91,none,0,1,80,2,0.01,0.1,9
NC,AB,19.49,13.3,5.83,1.78,none,0,1,81,1,0.01,0.1,9
NC,AB,19.49,13.3,5.83,1.78,none,0,1,81,2,0.01,0.1,9
NC,AB,19.49,13.3,5.83,1.78,none,0,1,81,3,0.01,0.1,9
NC,AB,18.61,13.34,5.69,1.76,none,0,0,82,3,0.01,0.1,0.1
NC,AB,18.61,13.34,5.69,1.76,none,0,0,82,1,0.01,0.1,9
NC,AB,18.61,13.34,5.69,1.76,none,0,0,82,2,0.01,0.1,9
NC,AB,19.56,13.59,6.06,1.8,none,0,0,83,1,0.01,0.1,9
NC,AB,19.56,13.59,6.06,1.8,none,0,0,83,2,0.01,0.1,9
NC,AB,19.56,13.59,6.06,1.8,none,0,0,83,3,0.01,0.1,9
NC,AB,19.06,13.96,6.13,1.74,none,0,0,84,2,0.01,0.1,0.1
NC,AB,19.06,13.96,6.13,1.74,none,0,0,84,3,0.01,0.1,2
NC,AB,19.06,13.96,6.13,1.74,none,0,0,84,1,0.01,0.1,9
NC,AB,17.82,12.64,5.11,1.31,none,0,0,85,1,0.01,0.1,0.1
NC,AB,17.82,12.64,5.11,1.31,none,0,0,85,3,0.01,0.1,0.1
NC,AB,17.82,12.64,5.11,1.31,none,0,0,85,2,0.01,0.1,9
NC,AB,18.76,13.2,5.76,1.54,none,0,0,86,1,0.01,0.1,0.1
NC,AB,18.76,13.2,5.76,1.54,none,0,0,86,2,0.01,0.1,0.1
NC,AB,18.76,13.2,5.76,1.54,none,0,0,86,3,0.01,0.1,0.1
NC,AB,18.21,12.91,5.75,1.61,none,0,0,87,1,0.01,0.1,0.1
NC,AB,18.21,12.91,5.75,1.61,none,0,0,87,2,7,8,8
NC,AB,18.21,12.91,5.75,1.61,none,0,0,87,3,12,6,2
NC,AB,18.4,13.61,5.86,1.45,none,0,0,88,1,0.01,0.1,9
NC,AB,18.4,13.61,5.86,1.45,none,0,0,88,3,0.01,0.1,9
NC,AB,18.4,13.61,5.86,1.45,none,0,0,88,2,9,9,9
NC,AB,18.36,12.39,5.54,1.51,none,0,0,89,1,0.01,0.1,9
NC,AB,18.36,12.39,5.54,1.51,none,0,0,89,3,0.01,0.1,9
NC,AB,18.36,12.39,5.54,1.51,none,0,0,89,2,3,9,9
NC,AB,17.83,12.7,5.61,1.49,none,0,0,90,1,0.01,0.1,9
NC,AB,17.83,12.7,5.61,1.49,none,0,0,90,2,0.01,0.1,9
NC,AB,17.83,12.7,5.61,1.49,none,0,0,90,3,9,4,9
NC,AB,18.77,13.4,5.26,1.75,none,1,2,91,1,0.01,0.1,9
NC,AB,18.77,13.4,5.26,1.75,none,1,2,91,2,0.01,0.1,9
NC,AB,18.77,13.4,5.26,1.75,none,1,2,91,3,0.01,0.1,9
NC,AB,18.58,13.3,5.97,1.65,none,0,1,92,2,0.01,0.1,0.1
NC,AB,18.58,13.3,5.97,1.65,none,0,1,92,3,0.01,0.1,0.1
NC,AB,18.58,13.3,5.97,1.65,none,0,1,92,1,0.01,0.1,2
NC,AB,17.37,12.7,5.62,1.22,none,0,1,93,1,0.01,0.1,9
NC,AB,17.37,12.7,5.62,1.22,none,0,1,93,2,0.01,0.1,9
NC,AB,17.37,12.7,5.62,1.22,none,0,1,93,3,0.01,0.1,9
NC,AB,19.22,13.8,6.18,1.69,none,0,1,94,1,0.01,0.1,0.1
NC,AB,19.22,13.8,6.18,1.69,none,0,1,94,3,0.01,0.1,0.1
NC,AB,19.22,13.8,6.18,1.69,none,0,1,94,2,9,9,0.1
NC,AB,19.26,13.9,5.95,1.59,none,0,0,95,1,0.01,0.1,0.1
NC,AB,19.26,13.9,5.95,1.59,none,0,0,95,2,0.01,0.1,0.1
NC,AB,19.26,13.9,5.95,1.59,none,0,0,95,3,10,4,4
NC,AB,19.91,13.54,5.9,1.88,none,0,0,96,1,0.01,0.1,9
NC,AB,19.91,13.54,5.9,1.88,none,0,0,96,2,0.01,0.1,9
NC,AB,19.91,13.54,5.9,1.88,none,0,0,96,3,0.01,0.1,9
NC,AB,19.48,13.65,6.03,1.54,none,0,0,97,1,0.01,0.1,9
NC,AB,19.48,13.65,6.03,1.54,none,0,0,97,2,0.01,0.1,9
NC,AB,19.48,13.65,6.03,1.54,none,0,0,97,3,0.01,0.1,9
NC,AB,18.74,13.63,5.54,1.7,none,0,0,98,3,0.01,0.1,0.1
NC,AB,18.74,13.63,5.54,1.7,none,0,0,98,1,0.01,0.1,9
NC,AB,18.74,13.63,5.54,1.7,none,0,0,98,2,0.01,0.1,9
NC,AB,18.89,13.5,5.6,1.54,none,0,0,99,1,0.01,0.1,0.1
NC,AB,18.89,13.5,5.6,1.54,none,0,0,99,3,0.01,0.1,0.1
NC,AB,18.89,13.5,5.6,1.54,none,0,0,99,2,0.01,0.1,9
NC,AB,18.91,13.32,5.91,1.68,none,0,1,100,1,0.01,0.1,9
NC,AB,18.91,13.32,5.91,1.68,none,0,1,100,2,0.01,0.1,9
NC,AB,18.91,13.32,5.91,1.68,none,0,1,100,3,0.01,0.1,9
NC,AB,18.21,13.2,5.69,1.59,none,1,2,101,3,0.01,0.1,0.1
NC,AB,18.21,13.2,5.69,1.59,none,1,2,101,1,0.01,0.1,9
NC,AB,18.21,13.2,5.69,1.59,none,1,2,101,2,0.01,0.1,9
NC,AB,18.09,13.1,5.99,1.43,none,0,1,102,3,0.01,0.1,0.1
NC,AB,18.09,13.1,5.99,1.43,none,0,1,102,1,0.01,0.1,9
NC,AB,18.09,13.1,5.99,1.43,none,0,1,102,2,0.01,0.1,9
NC,AB,18.28,13.29,5.11,1.62,none,1,2,103,3,0.01,0.1,0.1
NC,AB,18.28,13.29,5.11,1.62,none,1,2,103,1,0.01,0.1,9
NC,AB,18.28,13.29,5.11,1.62,none,1,2,103,2,0.01,0.1,9
NC,AB,17.93,13.31,6.13,1.43,none,0,1,104,1,0.01,0.1,9
NC,AB,17.93,13.31,6.13,1.43,none,0,1,104,2,0.01,0.1,9
NC,AB,17.93,13.31,6.13,1.43,none,0,1,104,3,0.01,0.1,9
NC,AB,17.54,12.18,5.27,1.26,none,0,1,105,1,0.01,0.1,9
NC,AB,17.54,12.18,5.27,1.26,none,0,1,105,3,12,9,9
NC,AB,17.54,12.18,5.27,1.26,none,0,1,105,2,26,9,2
NC,AB,16.7,12.62,5.71,1.26,none,0,1,106,1,0.01,0.1,0.1
NC,AB,16.7,12.62,5.71,1.26,none,0,1,106,2,0.01,0.1,0.1
NC,AB,16.7,12.62,5.71,1.26,none,0,1,106,3,4,4,9
NC,AB,18.33,13,5.31,1.63,none,0,1,107,3,0.01,0.1,9
NC,AB,18.33,13,5.31,1.63,none,0,1,107,1,13,4,0.1
NC,AB,18.33,13,5.31,1.63,none,0,1,107,2,21,8,0.1
NC,AB,17.71,12.33,5.27,1.28,none,0,1,108,3,0.01,0.1,0.1
NC,AB,17.71,12.33,5.27,1.28,none,0,1,108,2,0.01,0.1,9
NC,AB,17.71,12.33,5.27,1.28,none,0,1,108,1,13,4,0.1
NC,AB,18.4,13.45,6.1,1.55,none,1,2,109,1,0.01,0.1,0.1
NC,AB,18.4,13.45,6.1,1.55,none,1,2,109,3,0.01,0.1,9
NC,AB,18.4,13.45,6.1,1.55,none,1,2,109,2,17,6,9
NC,AB,18.02,12.56,5.55,1.27,none,0,1,110,1,0.01,0.1,8
NC,AB,18.02,12.56,5.55,1.27,none,0,1,110,2,0.01,0.1,9
NC,AB,18.02,12.56,5.55,1.27,none,0,1,110,3,0.01,0.1,9
NC,AB,17.43,12.58,5.43,1.37,none,0,1,111,1,0.01,0.1,0.1
NC,AB,17.43,12.58,5.43,1.37,none,0,1,111,3,0.01,0.1,8
NC,AB,17.43,12.58,5.43,1.37,none,0,1,111,2,0.01,0.1,9
NC,AB,16.38,12.51,5.77,1.67,none,1,2,112,1,0.01,0.1,9
NC,AB,16.38,12.51,5.77,1.67,none,1,2,112,3,0.01,0.1,9
NC,AB,16.38,12.51,5.77,1.67,none,1,2,112,2,26,9,0.1
NC,AB,20.52,14.77,6.94,2.01,none,0,1,113,2,0.01,0.1,9
NC,AB,20.52,14.77,6.94,2.01,none,0,1,113,3,0.01,0.1,9
NC,AB,20.52,14.77,6.94,2.01,none,0,1,113,1,6,6,0.1
NC,AB,22.03,13.97,6.12,2.39,none,0,1,114,1,0.01,0.1,0.1
NC,AB,22.03,13.97,6.12,2.39,none,0,1,114,2,0.01,0.1,0.1
NC,AB,22.03,13.97,6.12,2.39,none,0,1,114,3,0.01,0.1,9
NC,AB,20.24,12.76,6.62,1.63,none,0,1,115,3,0.01,0.1,0.1
NC,AB,20.24,12.76,6.62,1.63,none,0,1,115,1,0.01,0.1,9
NC,AB,20.24,12.76,6.62,1.63,none,0,1,115,2,0.01,0.1,9
NC,AB,18.65,13.01,6.34,1.66,none,0,1,116,3,0.01,0.1,0.1
NC,AB,18.65,13.01,6.34,1.66,none,0,1,116,2,0.01,0.1,2
NC,AB,18.65,13.01,6.34,1.66,none,0,1,116,1,0.01,0.1,9
NC,AB,18.73,13.06,6.11,1.52,none,0,1,117,3,0.01,0.1,0.1
NC,AB,18.73,13.06,6.11,1.52,none,0,1,117,1,0.01,0.1,9
NC,AB,18.73,13.06,6.11,1.52,none,0,1,117,2,0.01,0.1,9
NC,AB,19.23,13.25,5.62,1.47,none,1,2,118,1,0.01,0.1,0.1
NC,AB,19.23,13.25,5.62,1.47,none,1,2,118,2,0.01,0.1,0.1
NC,AB,19.23,13.25,5.62,1.47,none,1,2,118,3,15,6,0.1
NC,AB,18.99,13.54,5.68,1.72,none,0,0,119,2,0.01,0.1,0.1
NC,AB,18.99,13.54,5.68,1.72,none,0,0,119,3,0.01,0.1,0.1
NC,AB,18.99,13.54,5.68,1.72,none,0,0,119,1,0.01,0.1,2
NC,AB,18.41,12.99,6.37,1.23,none,0,0,120,2,0.01,0.1,0.1
NC,AB,18.41,12.99,6.37,1.23,none,0,0,120,3,0.01,0.1,0.1
NC,AB,18.41,12.99,6.37,1.23,none,0,0,120,1,0.01,0.1,9
NC,AB,19.73,13.66,6.13,1.69,none,0,0,121,3,0.01,0.1,0.1
NC,AB,19.73,13.66,6.13,1.69,none,0,0,121,1,0.01,0.1,9
NC,AB,19.73,13.66,6.13,1.69,none,0,0,121,2,0.01,0.1,9
NC,AB,18.85,13.63,5.55,1.29,none,0,0,122,1,0.01,0.1,0.1
NC,AB,18.85,13.63,5.55,1.29,none,0,0,122,2,0.01,0.1,0.1
NC,AB,18.85,13.63,5.55,1.29,none,0,0,122,3,0.01,0.1,0.1
NC,AB,18.07,13.04,5.87,1.49,none,0,0,123,1,0.01,0.1,0.1
NC,AB,18.07,13.04,5.87,1.49,none,0,0,123,2,0.01,0.1,0.1
NC,AB,18.07,13.04,5.87,1.49,none,0,0,123,3,0.01,0.1,9
NC,AB,20.76,13.56,6.65,1.95,none,0,0,124,1,0.01,0.1,9
NC,AB,20.76,13.56,6.65,1.95,none,0,0,124,2,0.01,0.1,9
NC,AB,20.76,13.56,6.65,1.95,none,0,0,124,3,0.01,0.1,9
NC,AB,19.27,13.93,6.27,1.84,none,0,0,125,3,0.01,0.1,0.1
NC,AB,19.27,13.93,6.27,1.84,none,0,0,125,1,0.01,0.1,9
NC,AB,19.27,13.93,6.27,1.84,none,0,0,125,2,0.01,0.1,9
NC,AB,19.38,13.68,5.86,1.87,none,0,0,126,3,0.01,0.1,9
NC,AB,19.38,13.68,5.86,1.87,none,0,0,126,2,6,8,9
NC,AB,19.38,13.68,5.86,1.87,none,0,0,126,1,13,4,0.1
NC,AB,20.27,14.07,7.22,1.95,none,0,0,127,1,0.01,0.1,9
NC,AB,20.27,14.07,7.22,1.95,none,0,0,127,2,0.01,0.1,9
NC,AB,20.27,14.07,7.22,1.95,none,0,0,127,3,0.01,0.1,9
NC,AB,19.56,13.83,5.88,1.88,none,0,0,128,1,0.01,0.1,9
NC,AB,19.56,13.83,5.88,1.88,none,0,0,128,3,0.01,0.1,9
NC,AB,19.56,13.83,5.88,1.88,none,0,0,128,2,7,6,9
NC,AB,18.9,13.43,5.89,1.75,none,0,1,129,3,0.01,0.1,2
NC,AB,18.9,13.43,5.89,1.75,none,0,1,129,2,0.01,0.1,9
NC,AB,18.9,13.43,5.89,1.75,none,0,1,129,1,10,8,9
NC,AB,18.94,12.65,5.81,1.62,none,0,1,130,2,6,4,9
NC,AB,18.94,12.65,5.81,1.62,none,0,1,130,1,12,4,0.1
NC,AB,18.94,12.65,5.81,1.62,none,0,1,130,3,28,9,9
NC,AB,19.62,13.79,5.78,1.58,none,0,1,131,1,0.01,0.1,9
NC,AB,19.62,13.79,5.78,1.58,none,0,1,131,2,0.01,0.1,9
NC,AB,19.62,13.79,5.78,1.58,none,0,1,131,3,0.01,0.1,9
NC,AB,19.72,13.52,5.86,1.85,none,0,1,132,2,0.01,0.1,9
NC,AB,19.72,13.52,5.86,1.85,none,0,1,132,3,0.01,0.1,9
NC,AB,19.72,13.52,5.86,1.85,none,0,1,132,1,6,9,4
NC,AB,19,14.33,6.1,1.72,none,1,2,133,1,0.01,0.1,9
NC,AB,19,14.33,6.1,1.72,none,1,2,133,2,0.01,0.1,9
NC,AB,19,14.33,6.1,1.72,none,1,2,133,3,0.01,0.1,9
NC,AB,19.05,13.55,5.24,1.66,none,0,0,134,2,0.01,0.1,0.1
NC,AB,19.05,13.55,5.24,1.66,none,0,0,134,3,0.01,0.1,0.1
NC,AB,19.05,13.55,5.24,1.66,none,0,0,134,1,0.01,0.1,9
NC,AB,18.32,13.43,5.56,1.59,none,0,0,135,1,0.01,0.1,0.1
NC,AB,18.32,13.43,5.56,1.59,none,0,0,135,2,8,4,0.1
NC,AB,18.32,13.43,5.56,1.59,none,0,0,135,3,10,8,0.1
NC,AB,18.99,13.08,6.38,1.41,none,0,0,136,2,12,9,0.1
NC,AB,18.99,13.08,6.38,1.41,none,0,0,136,3,17,8,0.1
NC,AB,18.99,13.08,6.38,1.41,none,0,0,136,1,18,8,9
NC,AB,18.11,11.84,5.11,1.29,none,0,0,137,3,0.01,0.1,0.1
NC,AB,18.11,11.84,5.11,1.29,none,0,0,137,2,0.01,0.1,9
NC,AB,18.11,11.84,5.11,1.29,none,0,0,137,1,7,2,2
NC,AB,18.77,12.71,5.72,1.54,none,0,0,138,1,0.01,0.1,0.1
NC,AB,18.77,12.71,5.72,1.54,none,0,0,138,3,0.01,0.1,0.1
NC,AB,18.77,12.71,5.72,1.54,none,0,0,138,2,0.01,0.1,9
NC,AB,18.05,13.85,5.86,1.38,none,0,0,139,1,0.01,0.1,9
NC,AB,18.05,13.85,5.86,1.38,none,0,0,139,2,0.01,0.1,9
NC,AB,18.05,13.85,5.86,1.38,none,0,0,139,3,0.01,0.1,9
NC,AB,17.57,12.55,5.67,1.41,none,0,0,140,1,0.01,0.1,9
NC,AB,17.57,12.55,5.67,1.41,none,0,0,140,2,0.01,0.1,9
NC,AB,17.57,12.55,5.67,1.41,none,0,0,140,3,0.01,0.1,9
NC,AB,18.68,13.16,5.66,1.56,none,0,0,141,2,0.01,0.1,0.1
NC,AB,18.68,13.16,5.66,1.56,none,0,0,141,1,0.01,0.1,9
NC,AB,18.68,13.16,5.66,1.56,none,0,0,141,3,0.01,0.1,9
NC,AB,19.69,14.09,6.6,1.93,none,0,0,142,1,0.01,0.1,0.1
NC,AB,19.69,14.09,6.6,1.93,none,0,0,142,2,0.01,0.1,0.1
NC,AB,19.69,14.09,6.6,1.93,none,0,0,142,3,0.01,0.1,9
NC,AB,19.75,13.79,6.04,1.87,none,0,0,143,1,0.01,0.1,0.1
NC,AB,19.75,13.79,6.04,1.87,none,0,0,143,2,0.01,0.1,0.1
NC,AB,19.75,13.79,6.04,1.87,none,0,0,143,3,14,8,0.1
NC,AB,18.23,13.03,6.03,1.59,none,0,0,144,2,0.01,0.1,0.1
NC,AB,18.23,13.03,6.03,1.59,none,0,0,144,1,0.01,0.1,9
NC,AB,18.23,13.03,6.03,1.59,none,0,0,144,3,0.01,0.1,9
NC,AB,18.85,13.41,6.28,1.63,none,0,0,145,2,0.01,0.1,2
NC,AB,18.85,13.41,6.28,1.63,none,0,0,145,3,0.01,0.1,9
NC,AB,18.85,13.41,6.28,1.63,none,0,0,145,1,28,9,0.1
NC,AB,19.21,14.15,6.29,1.73,none,0,0,146,2,0.01,0.1,0.1
NC,AB,19.21,14.15,6.29,1.73,none,0,0,146,1,0.01,0.1,9
NC,AB,19.21,14.15,6.29,1.73,none,0,0,146,3,0.01,0.1,9
NC,AB,19.48,13.7,6.1,1.78,none,0,0,147,2,0.01,0.1,0.1
NC,AB,19.48,13.7,6.1,1.78,none,0,0,147,1,0.01,0.1,9
NC,AB,19.48,13.7,6.1,1.78,none,0,0,147,3,0.01,0.1,9
NC,AB,18.55,13.27,5.31,1.61,none,0,0,148,2,0.01,0.1,0.1
NC,AB,18.55,13.27,5.31,1.61,none,0,0,148,3,0.01,0.1,9
NC,AB,18.55,13.27,5.31,1.61,none,0,0,148,1,18,8,9
NC,AB,19.52,13.36,6.01,1.8,none,0,0,149,2,0.01,0.1,2
NC,AB,19.52,13.36,6.01,1.8,none,0,0,149,3,0.01,0.1,9
NC,AB,19.52,13.36,6.01,1.8,none,0,0,149,1,3,2,2
NC,AB,18.2,12.7,6.19,1.33,none,0,0,150,1,3,8,0.1
NC,AB,18.2,12.7,6.19,1.33,none,0,0,150,2,3,4,9
NC,AB,18.2,12.7,6.19,1.33,none,0,0,150,3,15,9,6
NC,AB,18.78,14.01,6.59,1.81,none,0,0,151,3,0.01,0.1,0.1
NC,AB,18.78,14.01,6.59,1.81,none,0,0,151,2,0.01,0.1,6
NC,AB,18.78,14.01,6.59,1.81,none,0,0,151,1,0.01,0.1,9
NC,AB,19.79,13.6,6,1.69,none,0,0,152,1,0.01,0.1,9
NC,AB,19.79,13.6,6,1.69,none,0,0,152,2,0.01,0.1,9
NC,AB,19.79,13.6,6,1.69,none,0,0,152,3,6,6,0.1
NC,AB,18.35,12.38,5.08,1.36,none,0,0,153,2,0.01,0.1,9
NC,AB,18.35,12.38,5.08,1.36,none,0,0,153,3,27,9,9
NC,AB,18.35,12.38,5.08,1.36,none,0,0,153,1,28,9,0.1
NC,AB,17.95,12.88,6.03,1.41,none,0,0,154,2,0.01,0.1,0.1
NC,AB,17.95,12.88,6.03,1.41,none,0,0,154,3,0.01,0.1,0.1
NC,AB,17.95,12.88,6.03,1.41,none,0,0,154,1,0.01,0.1,4
NC,AB,17.98,12.23,5.76,1.29,none,0,0,155,3,0.01,0.1,0.1
NC,AB,17.98,12.23,5.76,1.29,none,0,0,155,1,0.01,0.1,8
NC,AB,17.98,12.23,5.76,1.29,none,0,0,155,2,0.01,0.1,9
NC,AB,18.67,13.2,6.27,1.36,none,0,0,156,2,0.01,0.1,0.1
NC,AB,18.67,13.2,6.27,1.36,none,0,0,156,3,15,6,2
NC,AB,18.67,13.2,6.27,1.36,none,0,0,156,1,16,8,8
NC,AB,16.79,12.38,5.63,1.14,none,0,0,157,2,0.01,0.1,9
NC,AB,16.79,12.38,5.63,1.14,none,0,0,157,3,15,0.1,0.1
NC,AB,16.79,12.38,5.63,1.14,none,0,0,157,1,16,0.1,9
NC,AB,16.23,12.07,5.83,1.11,none,0,0,158,3,0.01,0.1,0.1
NC,AB,16.23,12.07,5.83,1.11,none,0,0,158,1,0.01,0.1,9
NC,AB,16.23,12.07,5.83,1.11,none,0,0,158,2,4,2,9
NC,AB,18.05,12.21,5.96,1.32,none,0,0,159,1,0.01,0.1,0.1
NC,AB,18.05,12.21,5.96,1.32,none,0,0,159,2,0.01,0.1,9
NC,AB,18.05,12.21,5.96,1.32,none,0,0,159,3,0.01,0.1,9
NC,AB,17.06,12.15,5.61,1.25,none,0,0,160,1,0.01,0.1,9
NC,AB,17.06,12.15,5.61,1.25,none,0,0,160,2,0.01,0.1,9
NC,AB,17.06,12.15,5.61,1.25,none,0,0,160,3,0.01,0.1,9
NC,AB,17.36,12.83,5.7,1.49,none,0,0,161,3,0.01,0.1,2
NC,AB,17.36,12.83,5.7,1.49,none,0,0,161,1,0.01,0.1,9
NC,AB,17.36,12.83,5.7,1.49,none,0,0,161,2,0.01,0.1,9
NC,AB,19.77,14.06,5.61,2.03,none,0,0,162,3,0.01,0.1,0.1
NC,AB,19.77,14.06,5.61,2.03,none,0,0,162,2,0.01,0.1,9
NC,AB,19.77,14.06,5.61,2.03,none,0,0,162,1,9,4,9
NC,AB,17.67,12.93,5.77,1.28,none,0,0,163,3,0.01,0.1,6
NC,AB,17.67,12.93,5.77,1.28,none,0,0,163,1,0.01,0.1,9
NC,AB,17.67,12.93,5.77,1.28,none,0,0,163,2,0.01,0.1,9
NC,AB,18.01,13.48,6.08,1.43,none,0,1,164,1,0.01,0.1,4
NC,AB,18.01,13.48,6.08,1.43,none,0,1,164,2,0.01,0.1,9
NC,AB,18.01,13.48,6.08,1.43,none,0,1,164,3,0.01,0.1,9
NC,AB,17.56,12.21,5.31,1.25,none,1,2,165,1,0.01,0.1,9
NC,AB,17.56,12.21,5.31,1.25,none,1,2,165,2,0.01,0.1,9
NC,AB,17.56,12.21,5.31,1.25,none,1,2,165,3,0.01,0.1,9
NC,AB,18.62,12.8,5.17,1.43,none,0,1,166,3,0.01,0.1,0.1
NC,AB,18.62,12.8,5.17,1.43,none,0,1,166,1,0.01,0.1,9
NC,AB,18.62,12.8,5.17,1.43,none,0,1,166,2,5,2,9
NC,AB,17.69,12.81,5.68,1.35,none,0,1,167,1,0.01,0.1,0.1
NC,AB,17.69,12.81,5.68,1.35,none,0,1,167,2,9,6,9
NC,AB,17.69,12.81,5.68,1.35,none,0,1,167,3,12,8,0.1
NC,AB,17.31,12.04,5.35,1.18,none,0,1,168,1,0.01,0.1,0.1
NC,AB,17.31,12.04,5.35,1.18,none,0,1,168,2,0.01,0.1,9
NC,AB,17.31,12.04,5.35,1.18,none,0,1,168,3,3,2,0.1
NC,AB,17.46,12.52,5.44,1.37,none,0,0,169,1,0.01,0.1,9
NC,AB,17.46,12.52,5.44,1.37,none,0,0,169,2,11,9,9
NC,AB,17.46,12.52,5.44,1.37,none,0,0,169,3,21,8,9
NC,AB,17.24,12.76,5.34,1.48,none,0,0,170,2,0.01,0.1,0.1
NC,AB,17.24,12.76,5.34,1.48,none,0,0,170,3,0.01,0.1,0.1
NC,AB,17.24,12.76,5.34,1.48,none,0,0,170,1,0.01,0.1,9
NC,AB,18.49,12.84,5.53,1.55,none,0,0,171,1,0.01,0.1,0.1
NC,AB,18.49,12.84,5.53,1.55,none,0,0,171,2,12,9,0.1
NC,AB,18.49,12.84,5.53,1.55,none,0,0,171,3,23,9,0.1
NC,AB,16.73,11.67,5.23,0.99,none,0,0,172,1,0.01,0.1,0.1
NC,AB,16.73,11.67,5.23,0.99,none,0,0,172,2,0.01,0.1,0.1
NC,AB,16.73,11.67,5.23,0.99,none,0,0,172,3,24,9,0.1
NC,AB,17.72,12.66,5.1,1.46,none,0,0,173,1,0.01,0.1,9
NC,AB,17.72,12.66,5.1,1.46,none,0,0,173,2,0.01,0.1,9
NC,AB,17.72,12.66,5.1,1.46,none,0,0,173,3,3,6,9
NC,AB,16.55,12,5.26,1.1,none,1,2,174,1,0.01,0.1,0.1
NC,AB,16.55,12,5.26,1.1,none,1,2,174,2,7,9,0.1
NC,AB,16.55,12,5.26,1.1,none,1,2,174,3,21,9,9
NC,AB,16,11.86,5.17,1.07,none,1,2,175,1,0.01,0.1,0.1
NC,AB,16,11.86,5.17,1.07,none,1,2,175,2,0.01,0.1,0.1
NC,AB,16,11.86,5.17,1.07,none,1,2,175,3,0.01,0.1,0.1
NC,AB,17.03,12.39,5.77,1.21,none,0,1,176,1,0.01,0.1,0.1
NC,AB,17.03,12.39,5.77,1.21,none,0,1,176,3,0.01,0.1,0.1
NC,AB,17.03,12.39,5.77,1.21,none,0,1,176,2,7,9,0.1
NC,AB,17.43,12.61,5.81,1.44,none,1,2,177,2,0.01,0.1,0.1
NC,AB,17.43,12.61,5.81,1.44,none,1,2,177,1,0.01,0.1,9
NC,AB,17.43,12.61,5.81,1.44,none,1,2,177,3,0.01,0.1,9
NC,AB,17.35,12.52,5,1.37,none,0,1,178,1,0.01,0.1,0.1
NC,AB,17.35,12.52,5,1.37,none,0,1,178,2,0.01,0.1,0.1
NC,AB,17.35,12.52,5,1.37,none,0,1,178,3,0.01,0.1,0.1
NC,AB,15.83,11.19,4.53,1.07,none,0,0,179,3,0.01,0.1,0.1
NC,AB,15.83,11.19,4.53,1.07,none,0,0,179,1,0.01,0.1,2
NC,AB,15.83,11.19,4.53,1.07,none,0,0,179,2,5,2,9
NC,AB,16.43,11.44,4.38,1.17,none,0,0,180,1,0.01,0.1,9
NC,AB,16.43,11.44,4.38,1.17,none,0,0,180,2,0.01,0.1,9
NC,AB,16.43,11.44,4.38,1.17,none,0,0,180,3,0.01,0.1,9
NC,AB,17.19,12.49,5.62,1.35,none,0,0,181,3,0.01,0.1,0.1
NC,AB,17.19,12.49,5.62,1.35,none,0,0,181,2,0.01,0.1,6
NC,AB,17.19,12.49,5.62,1.35,none,0,0,181,1,0.01,0.1,9
NC,AB,17.75,11.85,5.54,1.24,none,0,0,182,3,0.01,0.1,0.1
NC,AB,17.75,11.85,5.54,1.24,none,0,0,182,1,0.01,0.1,2
NC,AB,17.75,11.85,5.54,1.24,none,0,0,182,2,0.01,0.1,9
NC,AB,19.84,13.27,5.98,1.83,none,0,0,183,1,0.01,0.1,9
NC,AB,19.84,13.27,5.98,1.83,none,0,0,183,2,0.01,0.1,9
NC,AB,19.84,13.27,5.98,1.83,none,0,0,183,3,11,6,0.1
NC,AB,19.3,12.96,5.31,1.63,none,0,0,184,2,0.01,0.1,2
NC,AB,19.3,12.96,5.31,1.63,none,0,0,184,1,0.01,0.1,9
NC,AB,19.3,12.96,5.31,1.63,none,0,0,184,3,0.01,0.1,9
NC,AB,17.26,12.13,5.45,1.31,none,0,0,185,2,0.01,0.1,0.1
NC,AB,17.26,12.13,5.45,1.31,none,0,0,185,3,0.01,0.1,2
NC,AB,17.26,12.13,5.45,1.31,none,0,0,185,1,18,0.1,0.1
NC,AB,18.75,12.92,5.89,1.49,none,0,0,186,1,0.01,0.1,0.1
NC,AB,18.75,12.92,5.89,1.49,none,0,0,186,2,0.01,0.1,0.1
NC,AB,18.75,12.92,5.89,1.49,none,0,0,186,3,0.01,0.1,9
NC,AB,16.84,12,5.55,1.1,none,0,0,187,1,0.01,0.1,0.1
NC,AB,16.84,12,5.55,1.1,none,0,0,187,2,0.01,0.1,0.1
NC,AB,16.84,12,5.55,1.1,none,0,0,187,3,0.01,0.1,9
NC,AB,17.36,12.66,5.84,1.45,none,0,0,188,1,0.01,0.1,0.1
NC,AB,17.36,12.66,5.84,1.45,none,0,0,188,2,0.01,0.1,9
NC,AB,17.36,12.66,5.84,1.45,none,0,0,188,3,0.01,0.1,9
NC,AB,18.24,12.62,5.63,1.44,none,0,0,189,1,0.01,0.1,9
NC,AB,18.24,12.62,5.63,1.44,none,0,0,189,2,0.01,0.1,9
NC,AB,18.24,12.62,5.63,1.44,none,0,0,189,3,0.01,0.1,9
NC,AB,17.95,13.04,5.53,1.56,none,0,0,190,1,0.01,0.1,9
NC,AB,17.95,13.04,5.53,1.56,none,0,0,190,2,0.01,0.1,9
NC,AB,17.95,13.04,5.53,1.56,none,0,0,190,3,10,6,9
NC,AB,17.73,12.13,5.38,1.41,none,0,0,191,2,0.01,0.1,0.1
NC,AB,17.73,12.13,5.38,1.41,none,0,0,191,1,0.01,0.1,9
NC,AB,17.73,12.13,5.38,1.41,none,0,0,191,3,6,2,0.1
NC,AB,17.88,12.88,5.67,1.33,none,0,0,192,2,0.01,0.1,2
NC,AB,17.88,12.88,5.67,1.33,none,0,0,192,1,0.01,0.1,9
NC,AB,17.88,12.88,5.67,1.33,none,0,0,192,3,0.01,0.1,9
NC,AB,18.45,12.83,5.69,1.31,none,0,0,193,2,0.01,0.1,0.1
NC,AB,18.45,12.83,5.69,1.31,none,0,0,193,3,0.01,0.1,6
NC,AB,18.45,12.83,5.69,1.31,none,0,0,193,1,0.01,0.1,9
NC,AB,17.76,12.3,5.57,1.28,none,0,0,194,3,0.01,0.1,2
NC,AB,17.76,12.3,5.57,1.28,none,0,0,194,1,0.01,0.1,9
NC,AB,17.76,12.3,5.57,1.28,none,0,0,194,2,0.01,0.1,9
NC,AB,18.17,12.23,5.47,1.26,none,0,0,195,1,0.01,0.1,9
NC,AB,18.17,12.23,5.47,1.26,none,0,0,195,2,0.01,0.1,9
NC,AB,18.17,12.23,5.47,1.26,none,0,0,195,3,0.01,0.1,9
NC,AB,16.7,12.33,5.32,1.09,none,0,0,196,3,0.01,0.1,0.1
NC,AB,16.7,12.33,5.32,1.09,none,0,0,196,2,0.01,0.1,2
NC,AB,16.7,12.33,5.32,1.09,none,0,0,196,1,0.01,0.1,9
NC,AB,16.99,12.32,5.02,1.25,none,0,0,197,3,0.01,0.1,0.1
NC,AB,16.99,12.32,5.02,1.25,none,0,0,197,1,0.01,0.1,9
NC,AB,16.99,12.32,5.02,1.25,none,0,0,197,2,0.01,0.1,9
NC,AB,17.94,12.9,5.41,1.4,none,0,0,198,3,0.01,0.1,0.1
NC,AB,17.94,12.9,5.41,1.4,none,0,0,198,1,0.01,0.1,9
NC,AB,17.94,12.9,5.41,1.4,none,0,0,198,2,0.01,0.1,9
NC,AB,16.06,11.79,5.38,0.97,none,0,0,199,1,0.01,0.1,0.1
NC,AB,16.06,11.79,5.38,0.97,none,0,0,199,2,0.01,0.1,9
NC,AB,16.06,11.79,5.38,0.97,none,0,0,199,3,0.01,0.1,9
NC,AB,16.36,11.7,5.27,1.15,none,0,0,200,3,0.01,0.1,0.1
NC,AB,16.36,11.7,5.27,1.15,none,0,0,200,1,0.01,0.1,2
NC,AB,16.36,11.7,5.27,1.15,none,0,0,200,2,0.01,0.1,9
NC,AB,16.58,11.39,5.12,1.17,none,0,0,201,1,0.01,0.1,0.1
NC,AB,16.58,11.39,5.12,1.17,none,0,0,201,3,0.01,0.1,0.1
NC,AB,16.58,11.39,5.12,1.17,none,0,0,201,2,0.01,0.1,9
NC,AB,17.34,12.87,5.58,1.29,none,0,0,202,1,0.01,0.1,0.1
NC,AB,17.34,12.87,5.58,1.29,none,0,0,202,3,0.01,0.1,0.1
NC,AB,17.34,12.87,5.58,1.29,none,0,0,202,2,0.01,0.1,9
NC,AB,17.5,12.15,5.28,1.36,none,0,0,203,3,0.01,0.1,0.1
NC,AB,17.5,12.15,5.28,1.36,none,0,0,203,2,0.01,0.1,6
NC,AB,17.5,12.15,5.28,1.36,none,0,0,203,1,0.01,0.1,9
NC,AB,18.47,11.73,5.24,1.43,none,1,2,204,1,0.01,0.1,0.1
NC,AB,18.47,11.73,5.24,1.43,none,1,2,204,2,0.01,0.1,0.1
NC,AB,18.47,11.73,5.24,1.43,none,1,2,204,3,0.01,0.1,4
NC,AB,16.11,11.99,5.28,1.03,none,0,1,205,1,0.01,0.1,0.1
NC,AB,16.11,11.99,5.28,1.03,none,0,1,205,2,0.01,0.1,0.1
NC,AB,16.11,11.99,5.28,1.03,none,0,1,205,3,0.01,0.1,4
NC,AB,16.9,12.66,5.65,1.12,none,0,1,206,1,0.01,0.1,9
NC,AB,16.9,12.66,5.65,1.12,none,0,1,206,2,0.01,0.1,9
NC,AB,16.9,12.66,5.65,1.12,none,0,1,206,3,0.01,0.1,9
NC,AB,17.64,12.64,5.77,1.28,none,0,1,207,1,0.01,0.1,0.1
NC,AB,17.64,12.64,5.77,1.28,none,0,1,207,2,0.01,0.1,0.1
NC,AB,17.64,12.64,5.77,1.28,none,0,1,207,3,0.01,0.1,9
NC,AB,16.9,11.72,5.17,1.25,none,0,1,208,2,0.01,0.1,0.1
NC,AB,16.9,11.72,5.17,1.25,none,0,1,208,3,0.01,0.1,8
NC,AB,16.9,11.72,5.17,1.25,none,0,1,208,1,15,9,9
NC,AB,17.8,11.9,5.12,1.25,none,0,1,209,1,0.01,0.1,0.1
NC,AB,17.8,11.9,5.12,1.25,none,0,1,209,2,0.01,0.1,0.1
NC,AB,17.8,11.9,5.12,1.25,none,0,1,209,3,0.01,0.1,4
NC,AB,16.5,11.5,4.95,1.13,none,1,2,210,1,0.01,0.1,0.1
NC,AB,16.5,11.5,4.95,1.13,none,1,2,210,2,0.01,0.1,0.1
NC,AB,16.5,11.5,4.95,1.13,none,1,2,210,3,20,9,9
NC,AB,17.18,12.43,5.12,1.26,none,0,1,211,2,0.01,0.1,0.1
NC,AB,17.18,12.43,5.12,1.26,none,0,1,211,3,0.01,0.1,0.1
NC,AB,17.18,12.43,5.12,1.26,none,0,1,211,1,0.01,0.1,8
NC,AB,16.87,11.8,5.25,1.06,none,0,1,212,2,0.01,0.1,8
NC,AB,16.87,11.8,5.25,1.06,none,0,1,212,1,0.01,0.1,9
NC,AB,16.87,11.8,5.25,1.06,none,0,1,212,3,0.01,0.1,9
NC,AB,15.86,11.01,5.04,0.93,none,0,1,213,1,0.01,0.1,0.1
NC,AB,15.86,11.01,5.04,0.93,none,0,1,213,2,0.01,0.1,0.1
NC,AB,15.86,11.01,5.04,0.93,none,0,1,213,3,0.01,0.1,0.1
NC,AB,17.62,11.47,5.26,1.22,none,0,0,214,2,0.01,0.1,9
NC,AB,17.62,11.47,5.26,1.22,none,0,0,214,3,0.01,0.1,9
NC,AB,17.62,11.47,5.26,1.22,none,0,0,214,1,18,9,0.1
NC,AB,16.73,12.16,5.11,1.22,none,0,0,215,2,0.01,0.1,2
NC,AB,16.73,12.16,5.11,1.22,none,0,0,215,1,0.01,0.1,9
NC,AB,16.73,12.16,5.11,1.22,none,0,0,215,3,0.01,0.1,9
NC,AB,18.46,12.58,5.23,1.49,none,0,0,216,1,0.01,0.1,0.1
NC,AB,18.46,12.58,5.23,1.49,none,0,0,216,3,0.01,0.1,9
NC,AB,18.46,12.58,5.23,1.49,none,0,0,216,2,10,6,9
NC,AB,16.98,12.37,5.9,1.17,none,0,0,217,1,0.01,0.1,0.1
NC,AB,16.98,12.37,5.9,1.17,none,0,0,217,3,0.01,0.1,4
NC,AB,16.98,12.37,5.9,1.17,none,0,0,217,2,5,4,2
NC,AB,15.9,11.52,5.54,0.96,none,0,0,218,1,0.01,0.1,9
NC,AB,15.9,11.52,5.54,0.96,none,0,0,218,3,0.01,0.1,9
NC,AB,15.9,11.52,5.54,0.96,none,0,0,218,2,15,4,9
NC,AB,17.56,12.09,5.35,1.1,none,0,1,219,3,0.01,0.1,0.1
NC,AB,17.56,12.09,5.35,1.1,none,0,1,219,1,0.01,0.1,9
NC,AB,17.56,12.09,5.35,1.1,none,0,1,219,2,0.01,0.1,9
NC,AB,17.69,12.25,5.37,1.38,none,0,1,220,1,0.01,0.1,0.1
NC,AB,17.69,12.25,5.37,1.38,none,0,1,220,3,0.01,0.1,9
NC,AB,17.69,12.25,5.37,1.38,none,0,1,220,2,12,8,9
NC,AB,16.7,11.79,5.08,1.21,none,1,2,221,2,0.01,0.1,9
NC,AB,16.7,11.79,5.08,1.21,none,1,2,221,3,0.01,0.1,9
NC,AB,16.7,11.79,5.08,1.21,none,1,2,221,1,6,4,9
NC,AB,16.9,12.08,5.52,1.19,none,0,1,222,2,0.01,0.1,2
NC,AB,16.9,12.08,5.52,1.19,none,0,1,222,1,4,2,0.1
NC,AB,16.9,12.08,5.52,1.19,none,0,1,222,3,16,9,0.1
NC,AB,16.59,11.3,5.45,1.06,none,0,1,223,1,0.01,0.1,9
NC,AB,16.59,11.3,5.45,1.06,none,0,1,223,2,0.01,0.1,9
NC,AB,16.59,11.3,5.45,1.06,none,0,1,223,3,0.01,0.1,9
NC,AB,17.16,11.53,4.44,1.21,none,0,0,224,1,0.01,0.1,0.1
NC,AB,17.16,11.53,4.44,1.21,none,0,0,224,2,0.01,0.1,4
NC,AB,17.16,11.53,4.44,1.21,none,0,0,224,3,0.01,0.1,9
NC,AB,16.04,11.55,5.28,0.95,none,0,0,225,1,0.01,0.1,9
NC,AB,16.04,11.55,5.28,0.95,none,0,0,225,2,0.01,0.1,9
NC,AB,16.04,11.55,5.28,0.95,none,0,0,225,3,0.01,0.1,9
NC,AB,16.18,11.76,4.94,1.09,none,0,0,226,1,0.01,0.1,0.1
NC,AB,16.18,11.76,4.94,1.09,none,0,0,226,2,0.01,0.1,8
NC,AB,16.18,11.76,4.94,1.09,none,0,0,226,3,0.01,0.1,9
NC,AB,17.06,12.28,5.16,1.18,none,0,0,227,1,0.01,0.1,0.1
NC,AB,17.06,12.28,5.16,1.18,none,0,0,227,2,0.01,0.1,8
NC,AB,17.06,12.28,5.16,1.18,none,0,0,227,3,0.01,0.1,9
NC,AB,16.69,11.64,4.84,1.14,none,0,0,228,1,0.01,0.1,0.1
NC,AB,16.69,11.64,4.84,1.14,none,0,0,228,2,0.01,0.1,0.1
NC,AB,16.69,11.64,4.84,1.14,none,0,0,228,3,0.01,0.1,9
NC,AB,15.62,12.33,5.08,0.87,none,0,1,229,1,0.01,0.1,0.1
NC,AB,15.62,12.33,5.08,0.87,none,0,1,229,2,0.01,0.1,0.1
NC,AB,15.62,12.33,5.08,0.87,none,0,1,229,3,0.01,0.1,0.1
NC,AB,15.78,11.22,4.38,0.94,none,0,1,230,2,0.01,0.1,9
NC,AB,15.78,11.22,4.38,0.94,none,0,1,230,3,0.01,0.1,9
NC,AB,15.78,11.22,4.38,0.94,none,0,1,230,1,10,6,0.1
NC,AB,17.77,12.41,5.67,1.27,none,0,1,231,1,0.01,0.1,9
NC,AB,17.77,12.41,5.67,1.27,none,0,1,231,2,0.01,0.1,9
NC,AB,17.77,12.41,5.67,1.27,none,0,1,231,3,0.01,0.1,9
NC,AB,15.87,11.24,4.77,1.02,none,1,2,232,1,0.01,0.1,0.1
NC,AB,15.87,11.24,4.77,1.02,none,1,2,232,2,0.01,0.1,0.1
NC,AB,15.87,11.24,4.77,1.02,none,1,2,232,3,0.01,0.1,0.1
NC,AB,14.87,11.45,4.88,0.82,none,0,1,233,1,0.01,0.1,0.1
NC,AB,14.87,11.45,4.88,0.82,none,0,1,233,2,0.01,0.1,9
NC,AB,14.87,11.45,4.88,0.82,none,0,1,233,3,0.01,0.1,9
NC,AB,19.58,14.26,6.73,1.71,pw,0,1,1,1,0.01,0.1,9
NC,AB,19.58,14.26,6.73,1.71,pw,0,1,1,3,27,9,0.1
NC,AB,19.58,14.26,6.73,1.71,pw,0,1,1,2,29,9,0.1
NC,AB,18.75,13.31,6.03,1.48,pw,0,1,2,2,0.01,0.1,0.1
NC,AB,18.75,13.31,6.03,1.48,pw,0,1,2,3,0.01,0.1,0.1
NC,AB,18.75,13.31,6.03,1.48,pw,0,1,2,1,0.01,0.1,9
NC,AB,17.65,12.54,5.48,1.37,pw,0,1,3,1,0.01,0.1,0.1
NC,AB,17.65,12.54,5.48,1.37,pw,0,1,3,3,9,4,4
NC,AB,17.65,12.54,5.48,1.37,pw,0,1,3,2,10,8,0.1
NC,AB,17.82,13.25,6.13,1.49,pw,1,2,4,2,0.01,0.1,0.1
NC,AB,17.82,13.25,6.13,1.49,pw,1,2,4,1,0.01,0.1,9
NC,AB,17.82,13.25,6.13,1.49,pw,1,2,4,3,0.01,0.1,9
NC,AB,20.23,14.42,7.08,2.03,pw,0,1,5,2,0.01,0.1,0.1
NC,AB,20.23,14.42,7.08,2.03,pw,0,1,5,1,0.01,0.1,9
NC,AB,20.23,14.42,7.08,2.03,pw,0,1,5,3,26,9,9
NC,AB,21.54,14.51,6.49,1.9,pw,1,2,6,1,0.01,0.1,9
NC,AB,21.54,14.51,6.49,1.9,pw,1,2,6,3,0.01,0.1,9
NC,AB,21.54,14.51,6.49,1.9,pw,1,2,6,2,9,4,9
NC,AB,20.35,13.34,5.77,1.85,pw,0,1,7,1,3,2,9
NC,AB,20.35,13.34,5.77,1.85,pw,0,1,7,3,22,9,0.1
NC,AB,20.35,13.34,5.77,1.85,pw,0,1,7,2,27,9,9
NC,AB,17.78,12.82,5.49,1.27,pw,0,1,8,1,0.01,0.1,4
NC,AB,17.78,12.82,5.49,1.27,pw,0,1,8,2,12,6,9
NC,AB,17.78,12.82,5.49,1.27,pw,0,1,8,3,28,9,9
NC,AB,20.79,14.84,6.6,1.91,pw,0,1,9,3,12,4,9
NC,AB,20.79,14.84,6.6,1.91,pw,0,1,9,1,18,8,6
NC,AB,20.79,14.84,6.6,1.91,pw,0,1,9,2,28,9,0.1
NC,AB,19.66,14.49,6.38,1.91,pw,0,1,10,3,0.01,0.1,9
NC,AB,19.66,14.49,6.38,1.91,pw,0,1,10,1,4,2,9
NC,AB,19.66,14.49,6.38,1.91,pw,0,1,10,2,5,2,0.1
NC,AB,19.12,13.75,6.5,1.53,pw,1,2,11,1,0.01,0.1,0.1
NC,AB,19.12,13.75,6.5,1.53,pw,1,2,11,3,11,4,9
NC,AB,19.12,13.75,6.5,1.53,pw,1,2,11,2,16,6,0.1
NC,AB,19.19,13.37,5.86,1.56,pw,0,1,12,1,0.01,0.1,0.1
NC,AB,19.19,13.37,5.86,1.56,pw,0,1,12,2,19,8,0.1
NC,AB,19.19,13.37,5.86,1.56,pw,0,1,12,3,22,8,6
NC,AB,18.56,13.35,5.63,1.58,pw,0,1,13,1,0.01,0.1,0.1
NC,AB,18.56,13.35,5.63,1.58,pw,0,1,13,2,17,6,0.1
NC,AB,18.56,13.35,5.63,1.58,pw,0,1,13,3,23,9,9
NC,AB,17.59,12.78,5.49,1.15,pw,0,1,14,2,9,2,0.1
NC,AB,17.59,12.78,5.49,1.15,pw,0,1,14,1,12,6,0.1
NC,AB,17.59,12.78,5.49,1.15,pw,0,1,14,3,18,8,9
NC,AB,19.2,14.01,6.12,1.84,pw,0,1,15,1,0.01,0.1,8
NC,AB,19.2,14.01,6.12,1.84,pw,0,1,15,2,0.01,0.1,9
NC,AB,19.2,14.01,6.12,1.84,pw,0,1,15,3,0.01,0.1,9
NC,AB,18.75,12.7,5.73,1.45,pw,0,0,16,3,0.01,0.1,0.1
NC,AB,18.75,12.7,5.73,1.45,pw,0,0,16,2,0.01,0.1,9
NC,AB,18.75,12.7,5.73,1.45,pw,0,0,16,1,15,6,0.1
NC,AB,19.94,14.12,6.3,1.71,pw,0,0,17,2,24,8,0.1
NC,AB,19.94,14.12,6.3,1.71,pw,0,0,17,3,24,9,0.1
NC,AB,19.94,14.12,6.3,1.71,pw,0,0,17,1,28,9,9
NC,AB,19.83,13.56,6.27,1.81,pw,0,0,18,1,0.01,0.1,0.1
NC,AB,19.83,13.56,6.27,1.81,pw,0,0,18,2,0.01,0.1,0.1
NC,AB,19.83,13.56,6.27,1.81,pw,0,0,18,3,13,2,2
NC,AB,19.16,13.31,6.02,1.69,pw,0,0,19,3,0.01,6,0.1
NC,AB,19.16,13.31,6.02,1.69,pw,0,0,19,1,0.01,0.1,2
NC,AB,19.16,13.31,6.02,1.69,pw,0,0,19,2,0.01,0.1,9
NC,AB,16.65,11.99,5.32,1.13,pw,0,0,20,1,0.01,0.1,0.1
NC,AB,16.65,11.99,5.32,1.13,pw,0,0,20,2,0.01,0.1,0.1
NC,AB,16.65,11.99,5.32,1.13,pw,0,0,20,3,0.01,0.1,0.1
NC,AB,19.13,13.38,5.47,1.65,pw,0,0,21,1,0.01,0.1,9
NC,AB,19.13,13.38,5.47,1.65,pw,0,0,21,2,0.01,0.1,9
NC,AB,19.13,13.38,5.47,1.65,pw,0,0,21,3,2,2,2
NC,AB,18.81,13.35,5.86,1.45,pw,0,0,22,3,22,8,0.1
NC,AB,18.81,13.35,5.86,1.45,pw,0,0,22,1,29,9,0.1
NC,AB,18.81,13.35,5.86,1.45,pw,0,0,22,2,29,9,0.1
NC,AB,17.61,12.48,5.83,1.24,pw,0,0,23,3,18,9,8
NC,AB,17.61,12.48,5.83,1.24,pw,0,0,23,1,21,9,0.1
NC,AB,17.61,12.48,5.83,1.24,pw,0,0,23,2,25,9,0.1
NC,AB,19.8,13.6,5.9,1.67,pw,0,0,24,3,0.01,0.1,0.1
NC,AB,19.8,13.6,5.9,1.67,pw,0,0,24,2,11,4,0.1
NC,AB,19.8,13.6,5.9,1.67,pw,0,0,24,1,23,9,0.1
NC,AB,19.1,13.07,5.7,1.47,pw,0,0,25,3,0.01,0.1,0.1
NC,AB,19.1,13.07,5.7,1.47,pw,0,0,25,1,0.01,0.1,9
NC,AB,19.1,13.07,5.7,1.47,pw,0,0,25,2,27,9,0.1
NC,AB,18.63,13.59,5.97,1.61,pw,1,2,26,1,0.01,0.1,0.1
NC,AB,18.63,13.59,5.97,1.61,pw,1,2,26,2,3,2,0.1
NC,AB,18.63,13.59,5.97,1.61,pw,1,2,26,3,13,6,0.1
NC,AB,20.6,14.79,6.82,2.07,pw,0,1,27,1,15,0.1,0.1
NC,AB,20.6,14.79,6.82,2.07,pw,0,1,27,2,15,2,0.1
NC,AB,20.6,14.79,6.82,2.07,pw,0,1,27,3,29,6,9
NC,AB,19.3,13.76,6.25,1.52,pw,0,1,28,1,0.01,0.1,9
NC,AB,19.3,13.76,6.25,1.52,pw,0,1,28,2,3,2,0.1
NC,AB,19.3,13.76,6.25,1.52,pw,0,1,28,3,29,9,9
NC,AB,18.9,13.4,5.52,1.6,pw,0,1,29,1,0.01,0.1,0.1
NC,AB,18.9,13.4,5.52,1.6,pw,0,1,29,3,7,4,0.1
NC,AB,18.9,13.4,5.52,1.6,pw,0,1,29,2,15,4,9
NC,AB,21.01,13.8,6.1,2.08,pw,0,1,30,3,0.01,0.1,9
NC,AB,21.01,13.8,6.1,2.08,pw,0,1,30,2,5,2,9
NC,AB,21.01,13.8,6.1,2.08,pw,0,1,30,1,8,4,9
NC,AB,19.34,13.48,6.18,1.66,pw,0,0,31,1,10,4,9
NC,AB,19.34,13.48,6.18,1.66,pw,0,0,31,2,16,6,0.1
NC,AB,19.34,13.48,6.18,1.66,pw,0,0,31,3,27,9,0.1
NC,AB,18.46,12.62,5.53,1.35,pw,0,0,32,1,0.01,0.1,0.1
NC,AB,18.46,12.62,5.53,1.35,pw,0,0,32,3,18,8,0.1
NC,AB,18.46,12.62,5.53,1.35,pw,0,0,32,2,20,8,0.1
NC,AB,18.85,13.07,5.7,1.57,pw,0,0,33,1,0.01,0.1,0.1
NC,AB,18.85,13.07,5.7,1.57,pw,0,0,33,2,18,8,0.1
NC,AB,18.85,13.07,5.7,1.57,pw,0,0,33,3,21,9,0.1
NC,AB,18.51,12.96,6.07,1.55,pw,0,0,34,1,3,2,9
NC,AB,18.51,12.96,6.07,1.55,pw,0,0,34,2,16,6,9
NC,AB,18.51,12.96,6.07,1.55,pw,0,0,34,3,20,8,0.1
NC,AB,18.13,12.84,5.35,1.44,pw,0,0,35,2,12,4,9
NC,AB,18.13,12.84,5.35,1.44,pw,0,0,35,3,12,4,9
NC,AB,18.13,12.84,5.35,1.44,pw,0,0,35,1,13,6,0.1
NC,AB,17.27,12.68,5.21,1.42,pw,0,0,36,3,3,2,9
NC,AB,17.27,12.68,5.21,1.42,pw,0,0,36,1,12,6,6
NC,AB,17.27,12.68,5.21,1.42,pw,0,0,36,2,22,8,2
NC,AB,20.07,13.77,6.11,1.9,pw,0,0,37,2,0.01,0.1,2
NC,AB,20.07,13.77,6.11,1.9,pw,0,0,37,1,0.01,0.1,9
NC,AB,20.07,13.77,6.11,1.9,pw,0,0,37,3,0.01,0.1,9
NC,AB,20.69,14.2,6.4,1.78,pw,0,0,38,1,0.01,0.1,0.1
NC,AB,20.69,14.2,6.4,1.78,pw,0,0,38,2,0.01,0.1,0.1
NC,AB,20.69,14.2,6.4,1.78,pw,0,0,38,3,3,2,9
NC,AB,19.48,13.76,6.11,1.6,pw,0,0,39,1,0.01,0.1,9
NC,AB,19.48,13.76,6.11,1.6,pw,0,0,39,2,0.01,0.1,9
NC,AB,19.48,13.76,6.11,1.6,pw,0,0,39,3,0.01,0.1,9
NC,AB,15.93,11.18,4.66,1.17,pw,0,0,40,2,0.01,0.1,4
NC,AB,15.93,11.18,4.66,1.17,pw,0,0,40,1,0.01,0.1,6
NC,AB,15.93,11.18,4.66,1.17,pw,0,0,40,3,0.01,0.1,9
NC,AB,18.75,13.87,6.01,1.7,pw,0,0,41,1,0.01,0.1,9
NC,AB,18.75,13.87,6.01,1.7,pw,0,0,41,2,0.01,0.1,9
NC,AB,18.75,13.87,6.01,1.7,pw,0,0,41,3,21,8,6
NC,AB,20.28,14.26,6.09,1.76,pw,0,0,42,2,17,8,0.1
NC,AB,20.28,14.26,6.09,1.76,pw,0,0,42,1,19,9,9
NC,AB,20.28,14.26,6.09,1.76,pw,0,0,42,3,25,9,0.1
NC,AB,18.41,13.43,5.76,1.47,pw,0,0,43,1,16,6,4
NC,AB,18.41,13.43,5.76,1.47,pw,0,0,43,2,25,9,0.1
NC,AB,18.41,13.43,5.76,1.47,pw,0,0,43,3,27,9,9
NC,AB,18.41,12.98,5.51,1.62,pw,0,0,44,2,0.01,0.1,9
NC,AB,18.41,12.98,5.51,1.62,pw,0,0,44,1,7,4,9
NC,AB,18.41,12.98,5.51,1.62,pw,0,0,44,3,12,6,9
NC,AB,19.61,13.12,5.41,1.7,pw,0,0,45,3,13,6,9
NC,AB,19.61,13.12,5.41,1.7,pw,0,0,45,1,18,9,9
NC,AB,19.61,13.12,5.41,1.7,pw,0,0,45,2,20,9,9
NC,AB,19.29,13.51,6.26,1.5,pw,1,2,46,1,11,4,9
NC,AB,19.29,13.51,6.26,1.5,pw,1,2,46,2,14,6,0.1
NC,AB,19.29,13.51,6.26,1.5,pw,1,2,46,3,21,6,0.1
NC,AB,17.59,11.97,5.58,1.22,pw,0,1,47,2,11,8,6
NC,AB,17.59,11.97,5.58,1.22,pw,0,1,47,1,12,6,9
NC,AB,17.59,11.97,5.58,1.22,pw,0,1,47,3,21,8,0.1
NC,AB,19.01,13.43,6,1.67,pw,0,1,48,1,14,6,9
NC,AB,19.01,13.43,6,1.67,pw,0,1,48,3,18,8,0.1
NC,AB,19.01,13.43,6,1.67,pw,0,1,48,2,24,9,6
NC,AB,17.65,12.73,5.56,1.29,pw,0,1,49,1,16,6,0.1
NC,AB,17.65,12.73,5.56,1.29,pw,0,1,49,3,22,8,0.1
NC,AB,17.65,12.73,5.56,1.29,pw,0,1,49,2,23,9,0.1
NC,AB,19.37,13.48,5.75,1.68,pw,0,1,50,3,0.01,0.1,4
NC,AB,19.37,13.48,5.75,1.68,pw,0,1,50,1,0.01,0.1,9
NC,AB,19.37,13.48,5.75,1.68,pw,0,1,50,2,10,9,9
NC,AB,19.26,13.91,5.8,1.7,pw,0,0,51,1,0.01,0.1,0.1
NC,AB,19.26,13.91,5.8,1.7,pw,0,0,51,2,0.01,0.1,0.1
NC,AB,19.26,13.91,5.8,1.7,pw,0,0,51,3,0.01,0.1,2
NC,AB,16.87,12.8,5.35,1.27,pw,0,0,52,2,0.01,0.1,9
NC,AB,16.87,12.8,5.35,1.27,pw,0,0,52,3,0.01,0.1,9
NC,AB,16.87,12.8,5.35,1.27,pw,0,0,52,1,4,2,0.1
NC,AB,18.45,12.54,5.54,1.49,pw,0,0,53,1,0.01,0.1,2
NC,AB,18.45,12.54,5.54,1.49,pw,0,0,53,2,0.01,0.1,8
NC,AB,18.45,12.54,5.54,1.49,pw,0,0,53,3,0.01,0.1,9
NC,AB,18.55,12.75,5.91,1.58,pw,0,0,54,2,0.01,0.1,0.1
NC,AB,18.55,12.75,5.91,1.58,pw,0,0,54,1,0.01,0.1,2
NC,AB,18.55,12.75,5.91,1.58,pw,0,0,54,3,18,8,0.1
NC,AB,18.04,12.71,5.23,1.43,pw,0,0,55,2,0.01,0.1,0.1
NC,AB,18.04,12.71,5.23,1.43,pw,0,0,55,1,10,6,0.1
NC,AB,18.04,12.71,5.23,1.43,pw,0,0,55,3,21,9,0.1
NC,AB,20.38,14.31,6.58,2.02,pw,0,1,56,2,0.01,0.1,0.1
NC,AB,20.38,14.31,6.58,2.02,pw,0,1,56,1,21,8,0.1
NC,AB,20.38,14.31,6.58,2.02,pw,0,1,56,3,21,6,2
NC,AB,19.69,14.38,5.96,1.81,pw,0,1,57,1,24,0.1,0.1
NC,AB,19.69,14.38,5.96,1.81,pw,0,1,57,2,24,9,0.1
NC,AB,19.69,14.38,5.96,1.81,pw,0,1,57,3,29,9,8
NC,AB,20.03,14.02,6.27,2.09,pw,0,1,58,2,12,6,0.1
NC,AB,20.03,14.02,6.27,2.09,pw,0,1,58,1,20,0.1,0.1
NC,AB,20.03,14.02,6.27,2.09,pw,0,1,58,3,29,9,0.1
NC,AB,18.22,13.66,5.77,1.58,pw,0,1,59,2,27,8,6
NC,AB,18.22,13.66,5.77,1.58,pw,0,1,59,1,29,0.1,0.1
NC,AB,18.22,13.66,5.77,1.58,pw,0,1,59,3,29,9,0.1
NC,AB,16.44,11.78,5.12,1.13,pw,1,2,60,1,22,0.1,9
NC,AB,16.44,11.78,5.12,1.13,pw,1,2,60,2,26,8,9
NC,AB,16.44,11.78,5.12,1.13,pw,1,2,60,3,28,9,0.1
NC,AB,19.15,13.84,5.6,1.91,pw,0,1,61,1,12,0.1,9
NC,AB,19.15,13.84,5.6,1.91,pw,0,1,61,3,16,8,9
NC,AB,19.15,13.84,5.6,1.91,pw,0,1,61,2,17,6,2
NC,AB,20.95,15.23,6.22,2.53,pw,0,1,62,1,10,8,0.1
NC,AB,20.95,15.23,6.22,2.53,pw,0,1,62,2,22,9,6
NC,AB,20.95,15.23,6.22,2.53,pw,0,1,62,3,26,8,9
NC,AB,17.79,12.7,5.31,1.45,pw,1,2,63,2,5,2,9
NC,AB,17.79,12.7,5.31,1.45,pw,1,2,63,3,5,2,9
NC,AB,17.79,12.7,5.31,1.45,pw,1,2,63,1,13,4,9
NC,AB,17.96,12.51,5.94,1.38,pw,0,1,64,2,19,8,9
NC,AB,17.96,12.51,5.94,1.38,pw,0,1,64,1,21,9,0.1
NC,AB,17.96,12.51,5.94,1.38,pw,0,1,64,3,29,9,2
NC,AB,19.44,13.83,5.94,1.91,pw,0,1,65,1,6,2,0.1
NC,AB,19.44,13.83,5.94,1.91,pw,0,1,65,3,12,6,0.1
NC,AB,19.44,13.83,5.94,1.91,pw,0,1,65,2,18,8,9
NC,AB,20.92,14.55,6.11,2.09,pw,0,0,66,3,0.01,0.1,0.1
NC,AB,20.92,14.55,6.11,2.09,pw,0,0,66,1,0.01,0.1,9
NC,AB,20.92,14.55,6.11,2.09,pw,0,0,66,2,0.01,0.1,9
NC,AB,19.79,13.34,6.07,1.53,pw,0,0,67,2,0.01,0.1,9
NC,AB,19.79,13.34,6.07,1.53,pw,0,0,67,3,13,6,0.1
NC,AB,19.79,13.34,6.07,1.53,pw,0,0,67,1,15,6,9
NC,AB,17.45,12.99,5.59,1.33,pw,0,0,68,3,0.01,0.1,0.1
NC,AB,17.45,12.99,5.59,1.33,pw,0,0,68,2,0.01,0.1,4
NC,AB,17.45,12.99,5.59,1.33,pw,0,0,68,1,29,9,2
NC,AB,20.9,15.39,6.07,2.2,pw,0,0,69,2,0.01,0.1,0.1
NC,AB,20.9,15.39,6.07,2.2,pw,0,0,69,3,0.01,0.1,0.1
NC,AB,20.9,15.39,6.07,2.2,pw,0,0,69,1,0.01,0.1,9
NC,AB,18.69,14.07,5.71,1.71,pw,0,1,70,1,0.01,0.1,9
NC,AB,18.69,14.07,5.71,1.71,pw,0,1,70,2,14,8,8
NC,AB,18.69,14.07,5.71,1.71,pw,0,1,70,3,25,9,0.1
NC,AB,19.41,13.73,5.6,1.58,pw,1,2,71,1,21,9,0.1
NC,AB,19.41,13.73,5.6,1.58,pw,1,2,71,3,21,9,0.1
NC,AB,19.41,13.73,5.6,1.58,pw,1,2,71,2,25,8,6
NC,AB,17.37,12.66,5.19,1.24,pw,0,1,72,1,0.01,0.1,4
NC,AB,17.37,12.66,5.19,1.24,pw,0,1,72,2,12,6,6
NC,AB,17.37,12.66,5.19,1.24,pw,0,1,72,3,22,8,0.1
NC,AB,19.6,13.61,6.23,1.97,pw,0,1,73,1,22,9,0.1
NC,AB,19.6,13.61,6.23,1.97,pw,0,1,73,3,24,9,0.1
NC,AB,19.6,13.61,6.23,1.97,pw,0,1,73,2,26,9,9
NC,AB,18.53,13.89,5.72,1.67,pw,0,0,74,1,0.01,0.1,9
NC,AB,18.53,13.89,5.72,1.67,pw,0,0,74,2,28,9,0.1
NC,AB,18.53,13.89,5.72,1.67,pw,0,0,74,3,29,9,9
NC,AB,19.67,14.16,6.56,1.77,pw,0,0,75,1,0.01,0.1,9
NC,AB,19.67,14.16,6.56,1.77,pw,0,0,75,3,28,9,0.1
NC,AB,19.67,14.16,6.56,1.77,pw,0,0,75,2,29,9,0.1
NC,AB,21,14.38,5.98,2.16,pw,0,0,76,1,0.01,0.1,9
NC,AB,21,14.38,5.98,2.16,pw,0,0,76,2,26,9,0.1
NC,AB,21,14.38,5.98,2.16,pw,0,0,76,3,28,9,6
NC,AB,19.55,13.87,5.73,1.91,pw,0,0,77,1,0.01,0.1,9
NC,AB,19.55,13.87,5.73,1.91,pw,0,0,77,3,0.01,0.1,9
NC,AB,19.55,13.87,5.73,1.91,pw,0,0,77,2,24,8,9
NC,AB,19.61,13.68,5.81,1.75,pw,1,2,78,1,0.01,0.1,9
NC,AB,19.61,13.68,5.81,1.75,pw,1,2,78,2,0.01,0.1,9
NC,AB,19.61,13.68,5.81,1.75,pw,1,2,78,3,0.01,0.1,9
NC,AB,19.66,13.64,5.61,1.86,pw,0,1,79,1,0.01,0.1,9
NC,AB,19.66,13.64,5.61,1.86,pw,0,1,79,3,0.01,0.1,9
NC,AB,19.66,13.64,5.61,1.86,pw,0,1,79,2,15,9,9
NC,AB,19.75,13.22,5.54,1.91,pw,0,1,80,1,0.01,0.1,9
NC,AB,19.75,13.22,5.54,1.91,pw,0,1,80,2,18,6,0.1
NC,AB,19.75,13.22,5.54,1.91,pw,0,1,80,3,26,9,9
NC,AB,19.49,13.3,5.83,1.78,pw,0,1,81,1,0.01,0.1,9
NC,AB,19.49,13.3,5.83,1.78,pw,0,1,81,2,0.01,0.1,9
NC,AB,19.49,13.3,5.83,1.78,pw,0,1,81,3,0.01,0.1,9
NC,AB,18.61,13.34,5.69,1.76,pw,0,0,82,1,0.01,0.1,9
NC,AB,18.61,13.34,5.69,1.76,pw,0,0,82,2,0.01,0.1,9
NC,AB,18.61,13.34,5.69,1.76,pw,0,0,82,3,12,4,9
NC,AB,19.56,13.59,6.06,1.8,pw,0,0,83,1,0.01,0.1,9
NC,AB,19.56,13.59,6.06,1.8,pw,0,0,83,2,0.01,0.1,9
NC,AB,19.56,13.59,6.06,1.8,pw,0,0,83,3,0.01,0.1,9
NC,AB,19.06,13.96,6.13,1.74,pw,0,0,84,1,0.01,0.1,0.1
NC,AB,19.06,13.96,6.13,1.74,pw,0,0,84,2,0.01,8,4
NC,AB,19.06,13.96,6.13,1.74,pw,0,0,84,3,0.01,9,9
NC,AB,17.82,12.64,5.11,1.31,pw,0,0,85,1,0.01,0.1,9
NC,AB,17.82,12.64,5.11,1.31,pw,0,0,85,3,11,4,0.1
NC,AB,17.82,12.64,5.11,1.31,pw,0,0,85,2,24,9,0.1
NC,AB,18.76,13.2,5.76,1.54,pw,0,0,86,1,0.01,0.1,9
NC,AB,18.76,13.2,5.76,1.54,pw,0,0,86,2,22,8,0.1
NC,AB,18.76,13.2,5.76,1.54,pw,0,0,86,3,28,9,6
NC,AB,18.21,12.91,5.75,1.61,pw,0,0,87,2,0.01,0.1,0.1
NC,AB,18.21,12.91,5.75,1.61,pw,0,0,87,3,21,8,9
NC,AB,18.21,12.91,5.75,1.61,pw,0,0,87,1,25,9,0.1
NC,AB,18.4,13.61,5.86,1.45,pw,0,0,88,2,0.01,0.1,0.1
NC,AB,18.4,13.61,5.86,1.45,pw,0,0,88,3,21,9,9
NC,AB,18.4,13.61,5.86,1.45,pw,0,0,88,1,25,9,9
NC,AB,18.36,12.39,5.54,1.51,pw,0,0,89,1,0.01,0.1,0.1
NC,AB,18.36,12.39,5.54,1.51,pw,0,0,89,2,0.01,0.1,0.1
NC,AB,18.36,12.39,5.54,1.51,pw,0,0,89,3,27,9,4
NC,AB,17.83,12.7,5.61,1.49,pw,0,0,90,1,0.01,0.1,0.1
NC,AB,17.83,12.7,5.61,1.49,pw,0,0,90,2,0.01,0.1,0.1
NC,AB,17.83,12.7,5.61,1.49,pw,0,0,90,3,0.01,0.1,2
NC,AB,18.77,13.4,5.26,1.75,pw,1,2,91,1,0.01,0.1,0.1
NC,AB,18.77,13.4,5.26,1.75,pw,1,2,91,2,0.01,0.1,0.1
NC,AB,18.77,13.4,5.26,1.75,pw,1,2,91,3,0.01,0.1,9
NC,AB,18.58,13.3,5.97,1.65,pw,0,1,92,1,0.01,0.1,0.1
NC,AB,18.58,13.3,5.97,1.65,pw,0,1,92,2,0.01,0.1,0.1
NC,AB,18.58,13.3,5.97,1.65,pw,0,1,92,3,4,6,9
NC,AB,17.37,12.7,5.62,1.22,pw,0,1,93,1,0.01,0.1,0.1
NC,AB,17.37,12.7,5.62,1.22,pw,0,1,93,2,0.01,0.1,9
NC,AB,17.37,12.7,5.62,1.22,pw,0,1,93,3,0.01,0.1,9
NC,AB,19.22,13.8,6.18,1.69,pw,0,1,94,1,0.01,0.1,0.1
NC,AB,19.22,13.8,6.18,1.69,pw,0,1,94,2,0.01,0.1,0.1
NC,AB,19.22,13.8,6.18,1.69,pw,0,1,94,3,10,4,9
NC,AB,19.26,13.9,5.95,1.59,pw,0,0,95,1,21,8,9
NC,AB,19.26,13.9,5.95,1.59,pw,0,0,95,3,27,9,0.1
NC,AB,19.26,13.9,5.95,1.59,pw,0,0,95,2,27,9,4
NC,AB,19.91,13.54,5.9,1.88,pw,0,0,96,2,0.01,0.1,6
NC,AB,19.91,13.54,5.9,1.88,pw,0,0,96,1,0.01,0.1,9
NC,AB,19.91,13.54,5.9,1.88,pw,0,0,96,3,22,9,0.1
NC,AB,19.48,13.65,6.03,1.54,pw,0,0,97,1,0.01,0.1,9
NC,AB,19.48,13.65,6.03,1.54,pw,0,0,97,2,0.01,0.1,9
NC,AB,19.48,13.65,6.03,1.54,pw,0,0,97,3,25,9,0.1
NC,AB,18.74,13.63,5.54,1.7,pw,0,0,98,1,0.01,0.1,0.1
NC,AB,18.74,13.63,5.54,1.7,pw,0,0,98,2,0.01,0.1,9
NC,AB,18.74,13.63,5.54,1.7,pw,0,0,98,3,21,8,8
NC,AB,18.89,13.5,5.6,1.54,pw,0,0,99,2,0.01,0.1,9
NC,AB,18.89,13.5,5.6,1.54,pw,0,0,99,1,16,6,9
NC,AB,18.89,13.5,5.6,1.54,pw,0,0,99,3,20,8,9
NC,AB,18.91,13.32,5.91,1.68,pw,0,1,100,1,0.01,0.1,9
NC,AB,18.91,13.32,5.91,1.68,pw,0,1,100,2,0.01,0.1,9
NC,AB,18.91,13.32,5.91,1.68,pw,0,1,100,3,0.01,0.1,9
NC,AB,18.21,13.2,5.69,1.59,pw,1,2,101,3,9,9,9
NC,AB,18.21,13.2,5.69,1.59,pw,1,2,101,2,16,8,0.1
NC,AB,18.21,13.2,5.69,1.59,pw,1,2,101,1,18,9,9
NC,AB,18.09,13.1,5.99,1.43,pw,0,1,102,2,0.01,0.1,0.1
NC,AB,18.09,13.1,5.99,1.43,pw,0,1,102,1,0.01,0.1,2
NC,AB,18.09,13.1,5.99,1.43,pw,0,1,102,3,29,9,9
NC,AB,18.28,13.29,5.11,1.62,pw,1,2,103,2,6,4,0.1
NC,AB,18.28,13.29,5.11,1.62,pw,1,2,103,1,12,8,0.1
NC,AB,18.28,13.29,5.11,1.62,pw,1,2,103,3,16,8,9
NC,AB,17.93,13.31,6.13,1.43,pw,0,1,104,1,0.01,0.1,9
NC,AB,17.93,13.31,6.13,1.43,pw,0,1,104,2,0.01,0.1,9
NC,AB,17.93,13.31,6.13,1.43,pw,0,1,104,3,0.01,0.1,9
NC,AB,17.54,12.18,5.27,1.26,pw,0,1,105,1,18,9,0.1
NC,AB,17.54,12.18,5.27,1.26,pw,0,1,105,2,24,9,0.1
NC,AB,17.54,12.18,5.27,1.26,pw,0,1,105,3,25,9,9
NC,AB,16.7,12.62,5.71,1.26,pw,0,1,106,1,21,6,0.1
NC,AB,16.7,12.62,5.71,1.26,pw,0,1,106,2,21,8,0.1
NC,AB,16.7,12.62,5.71,1.26,pw,0,1,106,3,27,9,9
NC,AB,18.33,13,5.31,1.63,pw,0,1,107,2,19,6,9
NC,AB,18.33,13,5.31,1.63,pw,0,1,107,1,20,6,0.1
NC,AB,18.33,13,5.31,1.63,pw,0,1,107,3,29,9,9
NC,AB,17.71,12.33,5.27,1.28,pw,0,1,108,1,16,6,0.1
NC,AB,17.71,12.33,5.27,1.28,pw,0,1,108,3,24,8,0.1
NC,AB,17.71,12.33,5.27,1.28,pw,0,1,108,2,26,9,0.1
NC,AB,18.4,13.45,6.1,1.55,pw,1,2,109,1,15,8,0.1
NC,AB,18.4,13.45,6.1,1.55,pw,1,2,109,2,18,8,9
NC,AB,18.4,13.45,6.1,1.55,pw,1,2,109,3,24,9,9
NC,AB,18.02,12.56,5.55,1.27,pw,0,1,110,1,0.01,0.1,0.1
NC,AB,18.02,12.56,5.55,1.27,pw,0,1,110,3,6,4,9
NC,AB,18.02,12.56,5.55,1.27,pw,0,1,110,2,15,6,0.1
NC,AB,17.43,12.58,5.43,1.37,pw,0,1,111,1,0.01,0.1,0.1
NC,AB,17.43,12.58,5.43,1.37,pw,0,1,111,3,0.01,0.1,9
NC,AB,17.43,12.58,5.43,1.37,pw,0,1,111,2,3,2,0.1
NC,AB,16.38,12.51,5.77,1.67,pw,1,2,112,3,15,4,9
NC,AB,16.38,12.51,5.77,1.67,pw,1,2,112,1,21,6,0.1
NC,AB,16.38,12.51,5.77,1.67,pw,1,2,112,2,29,9,0.1
NC,AB,20.52,14.77,6.94,2.01,pw,0,1,113,1,9,4,0.1
NC,AB,20.52,14.77,6.94,2.01,pw,0,1,113,3,13,6,9
NC,AB,20.52,14.77,6.94,2.01,pw,0,1,113,2,28,9,8
NC,AB,22.03,13.97,6.12,2.39,pw,0,1,114,1,9,4,0.1
NC,AB,22.03,13.97,6.12,2.39,pw,0,1,114,3,9,6,9
NC,AB,22.03,13.97,6.12,2.39,pw,0,1,114,2,21,9,2
NC,AB,20.24,12.76,6.62,1.63,pw,0,1,115,1,0.01,0.1,9
NC,AB,20.24,12.76,6.62,1.63,pw,0,1,115,3,21,8,9
NC,AB,20.24,12.76,6.62,1.63,pw,0,1,115,2,23,9,9
NC,AB,18.65,13.01,6.34,1.66,pw,0,1,116,2,0.01,0.1,0.1
NC,AB,18.65,13.01,6.34,1.66,pw,0,1,116,1,0.01,0.1,9
NC,AB,18.65,13.01,6.34,1.66,pw,0,1,116,3,18,6,0.1
NC,AB,18.73,13.06,6.11,1.52,pw,0,1,117,1,21,9,9
NC,AB,18.73,13.06,6.11,1.52,pw,0,1,117,2,26,9,0.1
NC,AB,18.73,13.06,6.11,1.52,pw,0,1,117,3,29,9,0.1
NC,AB,19.23,13.25,5.62,1.47,pw,1,2,118,1,19,9,9
NC,AB,19.23,13.25,5.62,1.47,pw,1,2,118,2,27,9,0.1
NC,AB,19.23,13.25,5.62,1.47,pw,1,2,118,3,27,9,0.1
NC,AB,18.99,13.54,5.68,1.72,pw,0,0,119,2,0.01,0.1,0.1
NC,AB,18.99,13.54,5.68,1.72,pw,0,0,119,1,0.01,0.1,9
NC,AB,18.99,13.54,5.68,1.72,pw,0,0,119,3,15,8,0.1
NC,AB,18.41,12.99,6.37,1.23,pw,0,0,120,1,0.01,0.1,9
NC,AB,18.41,12.99,6.37,1.23,pw,0,0,120,2,0.01,0.1,9
NC,AB,18.41,12.99,6.37,1.23,pw,0,0,120,3,25,8,6
NC,AB,19.73,13.66,6.13,1.69,pw,0,0,121,2,0.01,0.1,9
NC,AB,19.73,13.66,6.13,1.69,pw,0,0,121,3,3,2,0.1
NC,AB,19.73,13.66,6.13,1.69,pw,0,0,121,1,12,4,0.1
NC,AB,18.85,13.63,5.55,1.29,pw,0,0,122,1,0.01,0.1,9
NC,AB,18.85,13.63,5.55,1.29,pw,0,0,122,2,0.01,0.1,9
NC,AB,18.85,13.63,5.55,1.29,pw,0,0,122,3,15,8,9
NC,AB,18.07,13.04,5.87,1.49,pw,0,0,123,1,0.01,0.1,9
NC,AB,18.07,13.04,5.87,1.49,pw,0,0,123,3,28,9,0.1
NC,AB,18.07,13.04,5.87,1.49,pw,0,0,123,2,29,9,9
NC,AB,20.76,13.56,6.65,1.95,pw,0,0,124,1,0.01,0.1,0.1
NC,AB,20.76,13.56,6.65,1.95,pw,0,0,124,2,0.01,0.1,9
NC,AB,20.76,13.56,6.65,1.95,pw,0,0,124,3,0.01,0.1,9
NC,AB,19.27,13.93,6.27,1.84,pw,0,0,125,1,0.01,0.1,9
NC,AB,19.27,13.93,6.27,1.84,pw,0,0,125,3,9,4,9
NC,AB,19.27,13.93,6.27,1.84,pw,0,0,125,2,24,8,9
NC,AB,19.38,13.68,5.86,1.87,pw,0,0,126,1,0.01,2,9
NC,AB,19.38,13.68,5.86,1.87,pw,0,0,126,3,9,4,9
NC,AB,19.38,13.68,5.86,1.87,pw,0,0,126,2,24,0.1,0.1
NC,AB,20.27,14.07,7.22,1.95,pw,0,0,127,1,0.01,0.1,9
NC,AB,20.27,14.07,7.22,1.95,pw,0,0,127,2,0.01,0.1,9
NC,AB,20.27,14.07,7.22,1.95,pw,0,0,127,3,0.01,8,9
NC,AB,19.56,13.83,5.88,1.88,pw,0,0,128,1,0.01,0.1,0.1
NC,AB,19.56,13.83,5.88,1.88,pw,0,0,128,2,0.01,0.1,0.1
NC,AB,19.56,13.83,5.88,1.88,pw,0,0,128,3,13,8,9
NC,AB,18.9,13.43,5.89,1.75,pw,0,1,129,2,0.01,0.1,0.1
NC,AB,18.9,13.43,5.89,1.75,pw,0,1,129,1,10,6,0.1
NC,AB,18.9,13.43,5.89,1.75,pw,0,1,129,3,16,9,2
NC,AB,18.94,12.65,5.81,1.62,pw,0,1,130,2,0.01,0.1,9
NC,AB,18.94,12.65,5.81,1.62,pw,0,1,130,1,12,6,0.1
NC,AB,18.94,12.65,5.81,1.62,pw,0,1,130,3,21,9,9
NC,AB,19.62,13.79,5.78,1.58,pw,0,1,131,3,3,2,9
NC,AB,19.62,13.79,5.78,1.58,pw,0,1,131,2,9,8,9
NC,AB,19.62,13.79,5.78,1.58,pw,0,1,131,1,12,9,9
NC,AB,19.72,13.52,5.86,1.85,pw,0,1,132,2,6,2,4
NC,AB,19.72,13.52,5.86,1.85,pw,0,1,132,3,6,9,9
NC,AB,19.72,13.52,5.86,1.85,pw,0,1,132,1,12,9,4
NC,AB,19,14.33,6.1,1.72,pw,1,2,133,1,0.01,0.1,0.1
NC,AB,19,14.33,6.1,1.72,pw,1,2,133,3,0.01,0.1,9
NC,AB,19,14.33,6.1,1.72,pw,1,2,133,2,21,8,2
NC,AB,19.05,13.55,5.24,1.66,pw,0,0,134,2,22,9,0.1
NC,AB,19.05,13.55,5.24,1.66,pw,0,0,134,3,26,9,9
NC,AB,19.05,13.55,5.24,1.66,pw,0,0,134,1,27,9,9
NC,AB,18.32,13.43,5.56,1.59,pw,0,0,135,2,12,6,9
NC,AB,18.32,13.43,5.56,1.59,pw,0,0,135,1,26,9,9
NC,AB,18.32,13.43,5.56,1.59,pw,0,0,135,3,27,9,0.1
NC,AB,18.99,13.08,6.38,1.41,pw,0,0,136,2,18,8,0.1
NC,AB,18.99,13.08,6.38,1.41,pw,0,0,136,3,21,8,6
NC,AB,18.99,13.08,6.38,1.41,pw,0,0,136,1,26,9,9
NC,AB,18.11,11.84,5.11,1.29,pw,0,0,137,1,0.01,0.1,9
NC,AB,18.11,11.84,5.11,1.29,pw,0,0,137,2,0.01,0.1,9
NC,AB,18.11,11.84,5.11,1.29,pw,0,0,137,3,10,6,9
NC,AB,18.77,12.71,5.72,1.54,pw,0,0,138,2,12,8,0.1
NC,AB,18.77,12.71,5.72,1.54,pw,0,0,138,3,24,9,0.1
NC,AB,18.77,12.71,5.72,1.54,pw,0,0,138,1,26,9,0.1
NC,AB,18.05,13.85,5.86,1.38,pw,0,0,139,1,0.01,0.1,0.1
NC,AB,18.05,13.85,5.86,1.38,pw,0,0,139,2,0.01,0.1,9
NC,AB,18.05,13.85,5.86,1.38,pw,0,0,139,3,3,2,9
NC,AB,17.57,12.55,5.67,1.41,pw,0,0,140,1,7,4,9
NC,AB,17.57,12.55,5.67,1.41,pw,0,0,140,3,18,4,9
NC,AB,17.57,12.55,5.67,1.41,pw,0,0,140,2,25,8,9
NC,AB,18.68,13.16,5.66,1.56,pw,0,0,141,3,0.01,0.1,9
NC,AB,18.68,13.16,5.66,1.56,pw,0,0,141,1,6,9,2
NC,AB,18.68,13.16,5.66,1.56,pw,0,0,141,2,16,8,9
NC,AB,19.69,14.09,6.6,1.93,pw,0,0,142,2,15,8,0.1
NC,AB,19.69,14.09,6.6,1.93,pw,0,0,142,1,20,9,0.1
NC,AB,19.69,14.09,6.6,1.93,pw,0,0,142,3,24,0.1,9
NC,AB,19.75,13.79,6.04,1.87,pw,0,0,143,1,18,8,0.1
NC,AB,19.75,13.79,6.04,1.87,pw,0,0,143,2,18,6,0.1
NC,AB,19.75,13.79,6.04,1.87,pw,0,0,143,3,27,9,9
NC,AB,18.23,13.03,6.03,1.59,pw,0,0,144,1,0.01,0.1,0.1
NC,AB,18.23,13.03,6.03,1.59,pw,0,0,144,2,0.01,0.1,0.1
NC,AB,18.23,13.03,6.03,1.59,pw,0,0,144,3,26,9,9
NC,AB,18.85,13.41,6.28,1.63,pw,0,0,145,1,0.01,0.1,0.1
NC,AB,18.85,13.41,6.28,1.63,pw,0,0,145,2,0.01,0.1,0.1
NC,AB,18.85,13.41,6.28,1.63,pw,0,0,145,3,12,4,9
NC,AB,19.21,14.15,6.29,1.73,pw,0,0,146,1,0.01,0.1,0.1
NC,AB,19.21,14.15,6.29,1.73,pw,0,0,146,2,0.01,0.1,0.1
NC,AB,19.21,14.15,6.29,1.73,pw,0,0,146,3,15,6,9
NC,AB,19.48,13.7,6.1,1.78,pw,0,0,147,1,0.01,0.1,0.1
NC,AB,19.48,13.7,6.1,1.78,pw,0,0,147,2,0.01,0.1,9
NC,AB,19.48,13.7,6.1,1.78,pw,0,0,147,3,12,6,9
NC,AB,18.55,13.27,5.31,1.61,pw,0,0,148,1,9,2,0.1
NC,AB,18.55,13.27,5.31,1.61,pw,0,0,148,2,19,8,9
NC,AB,18.55,13.27,5.31,1.61,pw,0,0,148,3,24,9,9
NC,AB,19.52,13.36,6.01,1.8,pw,0,0,149,2,0.01,0.1,0.1
NC,AB,19.52,13.36,6.01,1.8,pw,0,0,149,1,0.01,0.1,9
NC,AB,19.52,13.36,6.01,1.8,pw,0,0,149,3,24,6,9
NC,AB,18.2,12.7,6.19,1.33,pw,0,0,150,1,24,9,0.1
NC,AB,18.2,12.7,6.19,1.33,pw,0,0,150,3,29,9,0.1
NC,AB,18.2,12.7,6.19,1.33,pw,0,0,150,2,29,9,2
NC,AB,18.78,14.01,6.59,1.81,pw,0,0,151,1,0.01,0.1,0.1
NC,AB,18.78,14.01,6.59,1.81,pw,0,0,151,2,16,6,0.1
NC,AB,18.78,14.01,6.59,1.81,pw,0,0,151,3,28,9,9
NC,AB,19.79,13.6,6,1.69,pw,0,0,152,1,4,2,0.1
NC,AB,19.79,13.6,6,1.69,pw,0,0,152,2,10,4,9
NC,AB,19.79,13.6,6,1.69,pw,0,0,152,3,21,8,9
NC,AB,18.35,12.38,5.08,1.36,pw,0,0,153,1,9,2,0.1
NC,AB,18.35,12.38,5.08,1.36,pw,0,0,153,2,29,9,0.1
NC,AB,18.35,12.38,5.08,1.36,pw,0,0,153,3,29,9,0.1
NC,AB,17.95,12.88,6.03,1.41,pw,0,0,154,2,0.01,0.1,0.1
NC,AB,17.95,12.88,6.03,1.41,pw,0,0,154,1,0.01,0.1,6
NC,AB,17.95,12.88,6.03,1.41,pw,0,0,154,3,0.01,0.1,9
NC,AB,17.98,12.23,5.76,1.29,pw,0,0,155,2,0.01,0.1,0.1
NC,AB,17.98,12.23,5.76,1.29,pw,0,0,155,3,0.01,0.1,0.1
NC,AB,17.98,12.23,5.76,1.29,pw,0,0,155,1,21,9,0.1
NC,AB,18.67,13.2,6.27,1.36,pw,0,0,156,1,1,8,9
NC,AB,18.67,13.2,6.27,1.36,pw,0,0,156,2,23,0.1,0.1
NC,AB,18.67,13.2,6.27,1.36,pw,0,0,156,3,24,0.1,9
NC,AB,16.79,12.38,5.63,1.14,pw,0,0,157,2,0.01,0.1,0.1
NC,AB,16.79,12.38,5.63,1.14,pw,0,0,157,1,0.01,0.1,4
NC,AB,16.79,12.38,5.63,1.14,pw,0,0,157,3,21,8,9
NC,AB,16.23,12.07,5.83,1.11,pw,0,0,158,3,4,2,9
NC,AB,16.23,12.07,5.83,1.11,pw,0,0,158,2,27,9,0.1
NC,AB,16.23,12.07,5.83,1.11,pw,0,0,158,1,27,9,9
NC,AB,18.05,12.21,5.96,1.32,pw,0,0,159,1,0.01,0.1,0.1
NC,AB,18.05,12.21,5.96,1.32,pw,0,0,159,2,0.01,0.1,4
NC,AB,18.05,12.21,5.96,1.32,pw,0,0,159,3,3,2,0.1
NC,AB,17.06,12.15,5.61,1.25,pw,0,0,160,1,0.01,0.1,0.1
NC,AB,17.06,12.15,5.61,1.25,pw,0,0,160,2,0.01,0.1,4
NC,AB,17.06,12.15,5.61,1.25,pw,0,0,160,3,18,6,0.1
NC,AB,17.36,12.83,5.7,1.49,pw,0,0,161,1,0.01,0.1,9
NC,AB,17.36,12.83,5.7,1.49,pw,0,0,161,2,0.01,0.1,9
NC,AB,17.36,12.83,5.7,1.49,pw,0,0,161,3,3,2,9
NC,AB,19.77,14.06,5.61,2.03,pw,0,0,162,1,0.01,0.1,0.1
NC,AB,19.77,14.06,5.61,2.03,pw,0,0,162,2,14,9,9
NC,AB,19.77,14.06,5.61,2.03,pw,0,0,162,3,21,8,0.1
NC,AB,17.67,12.93,5.77,1.28,pw,0,0,163,1,0.01,0.1,0.1
NC,AB,17.67,12.93,5.77,1.28,pw,0,0,163,2,0.01,0.1,0.1
NC,AB,17.67,12.93,5.77,1.28,pw,0,0,163,3,28,9,0.1
NC,AB,18.01,13.48,6.08,1.43,pw,0,1,164,1,0.01,0.1,0.1
NC,AB,18.01,13.48,6.08,1.43,pw,0,1,164,2,0.01,0.1,9
NC,AB,18.01,13.48,6.08,1.43,pw,0,1,164,3,3,2,4
NC,AB,17.56,12.21,5.31,1.25,pw,1,2,165,1,0.01,0.1,0.1
NC,AB,17.56,12.21,5.31,1.25,pw,1,2,165,3,0.01,0.1,0.1
NC,AB,17.56,12.21,5.31,1.25,pw,1,2,165,2,0.01,0.1,8
NC,AB,18.62,12.8,5.17,1.43,pw,0,1,166,1,0.01,0.1,0.1
NC,AB,18.62,12.8,5.17,1.43,pw,0,1,166,2,26,8,0.1
NC,AB,18.62,12.8,5.17,1.43,pw,0,1,166,3,27,9,0.1
NC,AB,17.69,12.81,5.68,1.35,pw,0,1,167,1,10,4,0.1
NC,AB,17.69,12.81,5.68,1.35,pw,0,1,167,3,13,4,0.1
NC,AB,17.69,12.81,5.68,1.35,pw,0,1,167,2,25,8,0.1
NC,AB,17.31,12.04,5.35,1.18,pw,0,1,168,1,0.01,0.1,0.1
NC,AB,17.31,12.04,5.35,1.18,pw,0,1,168,3,10,2,0.1
NC,AB,17.31,12.04,5.35,1.18,pw,0,1,168,2,12,4,0.1
NC,AB,17.46,12.52,5.44,1.37,pw,0,0,169,1,29,9,0.1
NC,AB,17.46,12.52,5.44,1.37,pw,0,0,169,2,29,9,0.1
NC,AB,17.46,12.52,5.44,1.37,pw,0,0,169,3,29,9,0.1
NC,AB,17.24,12.76,5.34,1.48,pw,0,0,170,2,21,6,0.1
NC,AB,17.24,12.76,5.34,1.48,pw,0,0,170,3,25,9,0.1
NC,AB,17.24,12.76,5.34,1.48,pw,0,0,170,1,29,9,0.1
NC,AB,18.49,12.84,5.53,1.55,pw,0,0,171,3,25,9,0.1
NC,AB,18.49,12.84,5.53,1.55,pw,0,0,171,1,29,9,0.1
NC,AB,18.49,12.84,5.53,1.55,pw,0,0,171,2,29,9,0.1
NC,AB,16.73,11.67,5.23,0.99,pw,0,0,172,1,29,9,0.1
NC,AB,16.73,11.67,5.23,0.99,pw,0,0,172,2,29,9,0.1
NC,AB,16.73,11.67,5.23,0.99,pw,0,0,172,3,29,9,0.1
NC,AB,17.72,12.66,5.1,1.46,pw,0,0,173,2,14,6,2
NC,AB,17.72,12.66,5.1,1.46,pw,0,0,173,3,15,6,2
NC,AB,17.72,12.66,5.1,1.46,pw,0,0,173,1,24,9,0.1
NC,AB,16.55,12,5.26,1.1,pw,1,2,174,1,0.01,0.1,0.1
NC,AB,16.55,12,5.26,1.1,pw,1,2,174,3,23,9,0.1
NC,AB,16.55,12,5.26,1.1,pw,1,2,174,2,28,9,9
NC,AB,16,11.86,5.17,1.07,pw,1,2,175,1,12,8,9
NC,AB,16,11.86,5.17,1.07,pw,1,2,175,3,17,9,9
NC,AB,16,11.86,5.17,1.07,pw,1,2,175,2,26,9,9
NC,AB,17.03,12.39,5.77,1.21,pw,0,1,176,2,18,8,9
NC,AB,17.03,12.39,5.77,1.21,pw,0,1,176,1,21,9,0.1
NC,AB,17.03,12.39,5.77,1.21,pw,0,1,176,3,22,9,0.1
NC,AB,17.43,12.61,5.81,1.44,pw,1,2,177,1,0.01,0.1,0.1
NC,AB,17.43,12.61,5.81,1.44,pw,1,2,177,2,7,2,9
NC,AB,17.43,12.61,5.81,1.44,pw,1,2,177,3,15,8,0.1
NC,AB,17.35,12.52,5,1.37,pw,0,1,178,2,22,8,9
NC,AB,17.35,12.52,5,1.37,pw,0,1,178,1,24,9,0.1
NC,AB,17.35,12.52,5,1.37,pw,0,1,178,3,24,9,0.1
NC,AB,15.83,11.19,4.53,1.07,pw,0,0,179,2,0.01,0.1,0.1
NC,AB,15.83,11.19,4.53,1.07,pw,0,0,179,1,0.01,0.1,6
NC,AB,15.83,11.19,4.53,1.07,pw,0,0,179,3,24,9,9
NC,AB,16.43,11.44,4.38,1.17,pw,0,0,180,2,0.01,0.1,0.1
NC,AB,16.43,11.44,4.38,1.17,pw,0,0,180,1,0.01,0.1,9
NC,AB,16.43,11.44,4.38,1.17,pw,0,0,180,3,24,9,0.1
NC,AB,17.19,12.49,5.62,1.35,pw,0,0,181,2,0.01,0.1,9
NC,AB,17.19,12.49,5.62,1.35,pw,0,0,181,3,18,9,0.1
NC,AB,17.19,12.49,5.62,1.35,pw,0,0,181,1,18,9,9
NC,AB,17.75,11.85,5.54,1.24,pw,0,0,182,2,0.01,0.1,2
NC,AB,17.75,11.85,5.54,1.24,pw,0,0,182,1,8,4,0.1
NC,AB,17.75,11.85,5.54,1.24,pw,0,0,182,3,18,8,0.1
NC,AB,19.84,13.27,5.98,1.83,pw,0,0,183,2,0.01,0.1,0.1
NC,AB,19.84,13.27,5.98,1.83,pw,0,0,183,3,0.01,0.1,9
NC,AB,19.84,13.27,5.98,1.83,pw,0,0,183,1,12,8,9
NC,AB,19.3,12.96,5.31,1.63,pw,0,0,184,1,0.01,0.1,0.1
NC,AB,19.3,12.96,5.31,1.63,pw,0,0,184,3,9,8,9
NC,AB,19.3,12.96,5.31,1.63,pw,0,0,184,2,18,8,0.1
NC,AB,17.26,12.13,5.45,1.31,pw,0,0,185,1,0.01,0.1,0.1
NC,AB,17.26,12.13,5.45,1.31,pw,0,0,185,3,0.01,8,0.1
NC,AB,17.26,12.13,5.45,1.31,pw,0,0,185,2,8,8,0.1
NC,AB,18.75,12.92,5.89,1.49,pw,0,0,186,1,0.01,0.1,0.1
NC,AB,18.75,12.92,5.89,1.49,pw,0,0,186,2,4,2,9
NC,AB,18.75,12.92,5.89,1.49,pw,0,0,186,3,16,9,0.1
NC,AB,16.84,12,5.55,1.1,pw,0,0,187,2,9,4,0.1
NC,AB,16.84,12,5.55,1.1,pw,0,0,187,3,9,8,0.1
NC,AB,16.84,12,5.55,1.1,pw,0,0,187,1,25,9,0.1
NC,AB,17.36,12.66,5.84,1.45,pw,0,0,188,1,0.01,0.1,0.1
NC,AB,17.36,12.66,5.84,1.45,pw,0,0,188,2,0.01,0.1,0.1
NC,AB,17.36,12.66,5.84,1.45,pw,0,0,188,3,0.01,0.1,0.1
NC,AB,18.24,12.62,5.63,1.44,pw,0,0,189,1,0.01,0.1,9
NC,AB,18.24,12.62,5.63,1.44,pw,0,0,189,3,18,8,9
NC,AB,18.24,12.62,5.63,1.44,pw,0,0,189,2,23,9,2
NC,AB,17.95,13.04,5.53,1.56,pw,0,0,190,1,0.01,0.1,0.1
NC,AB,17.95,13.04,5.53,1.56,pw,0,0,190,2,12,8,9
NC,AB,17.95,13.04,5.53,1.56,pw,0,0,190,3,20,9,0.1
NC,AB,17.73,12.13,5.38,1.41,pw,0,0,191,1,0.01,0.1,0.1
NC,AB,17.73,12.13,5.38,1.41,pw,0,0,191,3,27,9,4
NC,AB,17.73,12.13,5.38,1.41,pw,0,0,191,2,29,9,0.1
NC,AB,17.88,12.88,5.67,1.33,pw,0,0,192,1,0.01,0.1,9
NC,AB,17.88,12.88,5.67,1.33,pw,0,0,192,2,10,4,9
NC,AB,17.88,12.88,5.67,1.33,pw,0,0,192,3,12,8,9
NC,AB,18.45,12.83,5.69,1.31,pw,0,0,193,1,0.01,0.1,0.1
NC,AB,18.45,12.83,5.69,1.31,pw,0,0,193,3,13,8,4
NC,AB,18.45,12.83,5.69,1.31,pw,0,0,193,2,29,9,0.1
NC,AB,17.76,12.3,5.57,1.28,pw,0,0,194,1,0.01,0.1,9
NC,AB,17.76,12.3,5.57,1.28,pw,0,0,194,2,0.01,0.1,9
NC,AB,17.76,12.3,5.57,1.28,pw,0,0,194,3,12,4,9
NC,AB,18.17,12.23,5.47,1.26,pw,0,0,195,1,0.01,0.1,0.1
NC,AB,18.17,12.23,5.47,1.26,pw,0,0,195,2,8,6,0.1
NC,AB,18.17,12.23,5.47,1.26,pw,0,0,195,3,12,6,2
NC,AB,16.7,12.33,5.32,1.09,pw,0,0,196,1,0.01,0.1,0.1
NC,AB,16.7,12.33,5.32,1.09,pw,0,0,196,2,0.01,0.1,0.1
NC,AB,16.7,12.33,5.32,1.09,pw,0,0,196,3,0.01,0.1,0.1
NC,AB,16.99,12.32,5.02,1.25,pw,0,0,197,1,0.01,0.1,9
NC,AB,16.99,12.32,5.02,1.25,pw,0,0,197,2,7,4,9
NC,AB,16.99,12.32,5.02,1.25,pw,0,0,197,3,15,6,0.1
NC,AB,17.94,12.9,5.41,1.4,pw,0,0,198,3,0.01,0.1,0.1
NC,AB,17.94,12.9,5.41,1.4,pw,0,0,198,1,0.01,0.1,9
NC,AB,17.94,12.9,5.41,1.4,pw,0,0,198,2,0.01,0.1,9
NC,AB,16.06,11.79,5.38,0.97,pw,0,0,199,3,21,8,0.1
NC,AB,16.06,11.79,5.38,0.97,pw,0,0,199,2,24,9,9
NC,AB,16.06,11.79,5.38,0.97,pw,0,0,199,1,28,9,9
NC,AB,16.36,11.7,5.27,1.15,pw,0,0,200,1,0.01,0.1,0.1
NC,AB,16.36,11.7,5.27,1.15,pw,0,0,200,3,0.01,0.1,0.1
NC,AB,16.36,11.7,5.27,1.15,pw,0,0,200,2,6,4,2
NC,AB,16.58,11.39,5.12,1.17,pw,0,0,201,3,0.01,0.1,9
NC,AB,16.58,11.39,5.12,1.17,pw,0,0,201,2,18,8,0.1
NC,AB,16.58,11.39,5.12,1.17,pw,0,0,201,1,21,9,0.1
NC,AB,17.34,12.87,5.58,1.29,pw,0,0,202,1,0.01,0.1,2
NC,AB,17.34,12.87,5.58,1.29,pw,0,0,202,2,24,9,0.1
NC,AB,17.34,12.87,5.58,1.29,pw,0,0,202,3,27,8,2
NC,AB,17.5,12.15,5.28,1.36,pw,0,0,203,1,6,2,9
NC,AB,17.5,12.15,5.28,1.36,pw,0,0,203,2,15,6,0.1
NC,AB,17.5,12.15,5.28,1.36,pw,0,0,203,3,15,6,0.1
NC,AB,18.47,11.73,5.24,1.43,pw,1,2,204,1,0.01,0.1,0.1
NC,AB,18.47,11.73,5.24,1.43,pw,1,2,204,3,15,6,4
NC,AB,18.47,11.73,5.24,1.43,pw,1,2,204,2,26,8,0.1
NC,AB,16.11,11.99,5.28,1.03,pw,0,1,205,1,6,8,0.1
NC,AB,16.11,11.99,5.28,1.03,pw,0,1,205,3,6,4,0.1
NC,AB,16.11,11.99,5.28,1.03,pw,0,1,205,2,22,8,0.1
NC,AB,16.9,12.66,5.65,1.12,pw,0,1,206,3,24,6,0.1
NC,AB,16.9,12.66,5.65,1.12,pw,0,1,206,1,25,8,2
NC,AB,16.9,12.66,5.65,1.12,pw,0,1,206,2,29,9,8
NC,AB,17.64,12.64,5.77,1.28,pw,0,1,207,2,26,9,0.1
NC,AB,17.64,12.64,5.77,1.28,pw,0,1,207,3,27,9,0.1
NC,AB,17.64,12.64,5.77,1.28,pw,0,1,207,1,28,9,9
NC,AB,16.9,11.72,5.17,1.25,pw,0,1,208,1,21,8,9
NC,AB,16.9,11.72,5.17,1.25,pw,0,1,208,2,24,8,0.1
NC,AB,16.9,11.72,5.17,1.25,pw,0,1,208,3,25,8,6
NC,AB,17.8,11.9,5.12,1.25,pw,0,1,209,1,0.01,9,9
NC,AB,17.8,11.9,5.12,1.25,pw,0,1,209,2,27,9,9
NC,AB,17.8,11.9,5.12,1.25,pw,0,1,209,3,28,9,0.1
NC,AB,16.5,11.5,4.95,1.13,pw,1,2,210,3,27,9,0.1
NC,AB,16.5,11.5,4.95,1.13,pw,1,2,210,1,29,0.1,0.1
NC,AB,16.5,11.5,4.95,1.13,pw,1,2,210,2,29,9,0.1
NC,AB,17.18,12.43,5.12,1.26,pw,0,1,211,1,0.01,9,2
NC,AB,17.18,12.43,5.12,1.26,pw,0,1,211,2,28,9,0.1
NC,AB,17.18,12.43,5.12,1.26,pw,0,1,211,3,29,9,0.1
NC,AB,16.87,11.8,5.25,1.06,pw,0,1,212,1,7,2,9
NC,AB,16.87,11.8,5.25,1.06,pw,0,1,212,2,24,8,9
NC,AB,16.87,11.8,5.25,1.06,pw,0,1,212,3,27,9,2
NC,AB,15.86,11.01,5.04,0.93,pw,0,1,213,1,0.01,2,0.1
NC,AB,15.86,11.01,5.04,0.93,pw,0,1,213,2,29,8,0.1
NC,AB,15.86,11.01,5.04,0.93,pw,0,1,213,3,29,9,0.1
NC,AB,17.62,11.47,5.26,1.22,pw,0,0,214,1,17,6,4
NC,AB,17.62,11.47,5.26,1.22,pw,0,0,214,2,29,9,0.1
NC,AB,17.62,11.47,5.26,1.22,pw,0,0,214,3,29,9,0.1
NC,AB,16.73,12.16,5.11,1.22,pw,0,0,215,3,0.01,0.1,0.1
NC,AB,16.73,12.16,5.11,1.22,pw,0,0,215,1,0.01,0.1,9
NC,AB,16.73,12.16,5.11,1.22,pw,0,0,215,2,0.01,0.1,9
NC,AB,18.46,12.58,5.23,1.49,pw,0,0,216,1,0.01,0.1,9
NC,AB,18.46,12.58,5.23,1.49,pw,0,0,216,3,18,6,0.1
NC,AB,18.46,12.58,5.23,1.49,pw,0,0,216,2,18,8,9
NC,AB,16.98,12.37,5.9,1.17,pw,0,0,217,2,0.01,0.1,4
NC,AB,16.98,12.37,5.9,1.17,pw,0,0,217,1,9,8,8
NC,AB,16.98,12.37,5.9,1.17,pw,0,0,217,3,12,8,2
NC,AB,15.9,11.52,5.54,0.96,pw,0,0,218,1,25,9,0.1
NC,AB,15.9,11.52,5.54,0.96,pw,0,0,218,2,29,9,0.1
NC,AB,15.9,11.52,5.54,0.96,pw,0,0,218,3,29,9,0.1
NC,AB,17.56,12.09,5.35,1.1,pw,0,1,219,3,9,4,2
NC,AB,17.56,12.09,5.35,1.1,pw,0,1,219,1,16,6,0.1
NC,AB,17.56,12.09,5.35,1.1,pw,0,1,219,2,24,9,0.1
NC,AB,17.69,12.25,5.37,1.38,pw,0,1,220,1,0.01,0.1,0.1
NC,AB,17.69,12.25,5.37,1.38,pw,0,1,220,2,0.01,0.1,9
NC,AB,17.69,12.25,5.37,1.38,pw,0,1,220,3,0.01,0.1,9
NC,AB,16.7,11.79,5.08,1.21,pw,1,2,221,1,0.01,0.1,0.1
NC,AB,16.7,11.79,5.08,1.21,pw,1,2,221,2,0.01,0.1,0.1
NC,AB,16.7,11.79,5.08,1.21,pw,1,2,221,3,15,8,8
NC,AB,16.9,12.08,5.52,1.19,pw,0,1,222,1,24,9,0.1
NC,AB,16.9,12.08,5.52,1.19,pw,0,1,222,3,25,9,8
NC,AB,16.9,12.08,5.52,1.19,pw,0,1,222,2,29,9,9
NC,AB,16.59,11.3,5.45,1.06,pw,0,1,223,2,0.01,0.1,0.1
NC,AB,16.59,11.3,5.45,1.06,pw,0,1,223,1,0.01,0.1,9
NC,AB,16.59,11.3,5.45,1.06,pw,0,1,223,3,21,8,2
NC,AB,17.16,11.53,4.44,1.21,pw,0,0,224,2,0.01,0.1,0.1
NC,AB,17.16,11.53,4.44,1.21,pw,0,0,224,1,14,9,2
NC,AB,17.16,11.53,4.44,1.21,pw,0,0,224,3,29,9,4
NC,AB,16.04,11.55,5.28,0.95,pw,0,0,225,1,0.01,0.1,0.1
NC,AB,16.04,11.55,5.28,0.95,pw,0,0,225,2,0.01,0.1,9
NC,AB,16.04,11.55,5.28,0.95,pw,0,0,225,3,0.01,0.1,9
NC,AB,16.18,11.76,4.94,1.09,pw,0,0,226,1,18,8,0.1
NC,AB,16.18,11.76,4.94,1.09,pw,0,0,226,2,18,8,9
NC,AB,16.18,11.76,4.94,1.09,pw,0,0,226,3,18,8,9
NC,AB,17.06,12.28,5.16,1.18,pw,0,0,227,1,0.01,0.1,0.1
NC,AB,17.06,12.28,5.16,1.18,pw,0,0,227,3,0.01,0.1,0.1
NC,AB,17.06,12.28,5.16,1.18,pw,0,0,227,2,0.01,0.1,9
NC,AB,16.69,11.64,4.84,1.14,pw,0,0,228,1,0.01,0.1,0.1
NC,AB,16.69,11.64,4.84,1.14,pw,0,0,228,3,0.01,0.1,0.1
NC,AB,16.69,11.64,4.84,1.14,pw,0,0,228,2,15,9,9
NC,AB,15.62,12.33,5.08,0.87,pw,0,1,229,1,0.01,0.1,0.1
NC,AB,15.62,12.33,5.08,0.87,pw,0,1,229,2,26,6,0.1
NC,AB,15.62,12.33,5.08,0.87,pw,0,1,229,3,29,9,0.1
NC,AB,15.78,11.22,4.38,0.94,pw,0,1,230,2,17,6,9
NC,AB,15.78,11.22,4.38,0.94,pw,0,1,230,1,18,8,8
NC,AB,15.78,11.22,4.38,0.94,pw,0,1,230,3,21,8,0.1
NC,AB,17.77,12.41,5.67,1.27,pw,0,1,231,1,0.01,0.1,0.1
NC,AB,17.77,12.41,5.67,1.27,pw,0,1,231,3,0.01,0.1,0.1
NC,AB,17.77,12.41,5.67,1.27,pw,0,1,231,2,18,8,0.1
NC,AB,15.87,11.24,4.77,1.02,pw,1,2,232,1,24,9,0.1
NC,AB,15.87,11.24,4.77,1.02,pw,1,2,232,2,27,8,0.1
NC,AB,15.87,11.24,4.77,1.02,pw,1,2,232,3,28,9,0.1
NC,AB,14.87,11.45,4.88,0.82,pw,0,1,233,1,18,8,0.1
NC,AB,14.87,11.45,4.88,0.82,pw,0,1,233,2,20,4,0.1
NC,AB,14.87,11.45,4.88,0.82,pw,0,1,233,3,25,9,0.1